onset	duration	trial_type	value	sample
0.0	0.0020000000949949026	New Segment/	3	0
1.55	0.002000093460083008	Stimulus/S  3	6	775
2.574	0.002000093460083008	Stimulus/S  2	5	1287
3.588	0.0019998550415039062	Stimulus/S  1	4	1794
4.604	0.0019998550415039062	Stimulus/S  3	6	2302
5.626	0.0019998550415039062	Stimulus/S  2	5	2813
6.636	0.0019998550415039062	Stimulus/S  1	4	3318
7.652	0.0019998550415039062	Stimulus/S  3	6	3826
8.652	0.0019998550415039062	Stimulus/S  2	5	4326
9.652	0.0019998550415039062	Stimulus/S  1	4	4826
10.652	0.0019998550415039062	Stimulus/S  2	5	5326
11.652	0.0019998550415039062	Stimulus/S  1	4	5826
12.652	0.0019998550415039062	Stimulus/S  3	6	6326
13.652	0.0019998550415039062	Stimulus/S  1	4	6826
14.668	0.0019998550415039062	Stimulus/S  2	5	7334
15.684	0.0019998550415039062	Stimulus/S  3	6	7842
16.7	0.0019989013671875	Stimulus/S  1	4	8350
17.716	0.0020008087158203125	Stimulus/S  2	5	8858
18.73	0.0020008087158203125	Stimulus/S  3	6	9365
19.746	0.0019989013671875	Stimulus/S  2	5	9873
20.778	0.0020008087158203125	Stimulus/S  3	6	10389
21.794	0.0019989013671875	Stimulus/S  1	4	10897
22.81	0.0020008087158203125	Stimulus/S  2	5	11405
23.826	0.0019989013671875	Stimulus/S  3	6	11913
24.84	0.0019989013671875	Stimulus/S  1	4	12420
25.856	0.0019989013671875	Stimulus/S  2	5	12928
26.872	0.0020008087158203125	Stimulus/S  1	4	13436
27.888	0.0019989013671875	Stimulus/S  3	6	13944
28.904	0.0020008087158203125	Stimulus/S  2	5	14452
29.92	0.0020008087158203125	Stimulus/S  3	6	14960
30.936	0.0019989013671875	Stimulus/S  1	4	15468
31.952	0.0020008087158203125	Stimulus/S  5	8	15976
32.966	0.0019989013671875	Stimulus/S  4	7	16483
33.982	0.002002716064453125	Stimulus/S  6	9	16991
34.998	0.0019989013671875	Stimulus/S  5	8	17499
36.03	0.002002716064453125	Stimulus/S  4	7	18015
37.062	0.0019989013671875	Stimulus/S  6	9	18531
38.076	0.0019989013671875	Stimulus/S  5	8	19038
39.092	0.002002716064453125	Stimulus/S  6	9	19546
40.108	0.0019989013671875	Stimulus/S  4	7	20054
41.124	0.0019989013671875	Stimulus/S  5	8	20562
42.14	0.0019989013671875	Stimulus/S  4	7	21070
43.156	0.002002716064453125	Stimulus/S  6	9	21578
44.172	0.0019989013671875	Stimulus/S  4	7	22086
45.186	0.0019989013671875	Stimulus/S  5	8	22593
46.206	0.0019989013671875	Stimulus/S  6	9	23103
47.218	0.002002716064453125	Stimulus/S  5	8	23609
48.234	0.0019989013671875	Stimulus/S  6	9	24117
49.25	0.0019989013671875	Stimulus/S  4	7	24625
50.266	0.002002716064453125	Stimulus/S  7	10	25133
51.282	0.0019989013671875	Stimulus/S  6	9	25641
52.296	0.0019989013671875	Stimulus/S  5	8	26148
53.312	0.0019989013671875	Stimulus/S  4	7	26656
54.328	0.002002716064453125	Stimulus/S  5	8	27164
55.344	0.0019989013671875	Stimulus/S  4	7	27672
56.36	0.0019989013671875	Stimulus/S  6	9	28180
57.392	0.002002716064453125	Stimulus/S  5	8	28696
58.406	0.002002716064453125	Stimulus/S  6	9	29203
59.424	0.0019989013671875	Stimulus/S  4	7	29712
60.438	0.0019989013671875	Stimulus/S  5	8	30219
61.454	0.002002716064453125	Stimulus/S  6	9	30727
62.47	0.0019989013671875	Stimulus/S  4	7	31235
63.486	0.0019989013671875	Stimulus/S  1	4	31743
64.502	0.0019989013671875	Stimulus/S  2	5	32251
65.518	0.0019989013671875	Stimulus/S  3	6	32759
66.548	0.00200653076171875	Stimulus/S  1	4	33274
67.564	0.0019989013671875	Stimulus/S  2	5	33782
68.58	0.0019989013671875	Stimulus/S  3	6	34290
69.596	0.0019989013671875	Stimulus/S  2	5	34798
70.612	0.0019989013671875	Stimulus/S  1	4	35306
71.628	0.0019989013671875	Stimulus/S  3	6	35814
72.642	0.0019989013671875	Stimulus/S  2	5	36321
73.658	0.00200653076171875	Stimulus/S  3	6	36829
74.674	0.0019989013671875	Stimulus/S  1	4	37337
75.692	0.0019989013671875	Stimulus/S  7	10	37846
76.706	0.0019989013671875	Stimulus/S  3	6	38353
77.722	0.0019989013671875	Stimulus/S  2	5	38861
78.738	0.0019989013671875	Stimulus/S  1	4	39369
79.752	0.0019989013671875	Stimulus/S  2	5	39876
80.768	0.0019989013671875	Stimulus/S  1	4	40384
81.784	0.00200653076171875	Stimulus/S  3	6	40892
82.8	0.0019989013671875	Stimulus/S  2	5	41400
83.816	0.0019989013671875	Stimulus/S  3	6	41908
84.832	0.0019989013671875	Stimulus/S  1	4	42416
85.862	0.0019989013671875	Stimulus/S  3	6	42931
86.878	0.0019989013671875	Stimulus/S  2	5	43439
87.894	0.00200653076171875	Stimulus/S  1	4	43947
88.91	0.0019989013671875	Stimulus/S  3	6	44455
89.942	0.0019989013671875	Stimulus/S  2	5	44971
90.972	0.0019989013671875	Stimulus/S  1	4	45486
91.988	0.0019989013671875	Stimulus/S  3	6	45994
93.006	0.00200653076171875	Stimulus/S  2	5	46503
94.02	0.00200653076171875	Stimulus/S  1	4	47010
95.036	0.0019989013671875	Stimulus/S  4	7	47518
96.052	0.0019989013671875	Stimulus/S  6	9	48026
97.068	0.0019989013671875	Stimulus/S  5	8	48534
98.082	0.0019989013671875	Stimulus/S  4	7	49041
99.098	0.0019989013671875	Stimulus/S  6	9	49549
100.114	0.0019989013671875	Stimulus/S  5	8	50057
101.13	0.00200653076171875	Stimulus/S  6	9	50565
102.146	0.0019989013671875	Stimulus/S  4	7	51073
103.162	0.0019989013671875	Stimulus/S  5	8	51581
104.178	0.0019989013671875	Stimulus/S  6	9	52089
105.192	0.0019989013671875	Stimulus/S  4	7	52596
106.208	0.0019989013671875	Stimulus/S  5	8	53104
107.228	0.00200653076171875	Stimulus/S  4	7	53614
108.24	0.0019989013671875	Stimulus/S  5	8	54120
109.256	0.00200653076171875	Stimulus/S  6	9	54628
110.272	0.0019989013671875	Stimulus/S  4	7	55136
111.288	0.0019989013671875	Stimulus/S  6	9	55644
112.304	0.0019989013671875	Stimulus/S  5	8	56152
113.336	0.0019989013671875	Stimulus/S  7	10	56668
114.35	0.0019989013671875	Stimulus/S  6	9	57175
115.382	0.0019989013671875	Stimulus/S  4	7	57691
116.398	0.0019989013671875	Stimulus/S  5	8	58199
117.414	0.0019989013671875	Stimulus/S  6	9	58707
118.428	0.0019989013671875	Stimulus/S  5	8	59214
119.444	0.0019989013671875	Stimulus/S  4	7	59722
120.46	0.0019989013671875	Stimulus/S  6	9	60230
121.476	0.0019989013671875	Stimulus/S  5	8	60738
122.492	0.00200653076171875	Stimulus/S  4	7	61246
123.524	0.0019989013671875	Stimulus/S  6	9	61762
124.538	0.0019989013671875	Stimulus/S  5	8	62269
125.554	0.0019989013671875	Stimulus/S  4	7	62777
126.57	0.0019989013671875	Stimulus/S  2	5	63285
127.586	0.0019989013671875	Stimulus/S  1	4	63793
128.606	0.0019989013671875	Stimulus/S  3	6	64303
129.618	0.0019989013671875	Stimulus/S  2	5	64809
130.634	0.0019989013671875	Stimulus/S  1	4	65317
131.664	0.0019989013671875	Stimulus/S  3	6	65832
132.698	0.0019989013671875	Stimulus/S  7	10	66349
133.712	0.0019989013671875	Stimulus/S  1	4	66856
134.728	0.0019989013671875	Stimulus/S  2	5	67364
135.744	0.0019989013671875	Stimulus/S  3	6	67872
136.758	0.0019989013671875	Stimulus/S  2	5	68379
137.774	0.0019989013671875	Stimulus/S  1	4	68887
138.79	0.00201416015625	Stimulus/S  3	6	69395
139.808	0.0019989013671875	Stimulus/S  1	4	69904
140.838	0.0019989013671875	Stimulus/S  3	6	70419
141.854	0.0019989013671875	Stimulus/S  2	5	70927
142.868	0.0019989013671875	Stimulus/S  1	4	71434
143.884	0.0019989013671875	Stimulus/S  3	6	71942
144.9	0.0019989013671875	Stimulus/S  2	5	72450
145.916	0.0019989013671875	Stimulus/S  1	4	72958
146.932	0.0019989013671875	Stimulus/S  2	5	73466
147.964	0.0019989013671875	Stimulus/S  3	6	73982
148.978	0.0019989013671875	Stimulus/S  2	5	74489
149.994	0.0019989013671875	Stimulus/S  1	4	74997
151.01	0.0019989013671875	Stimulus/S  3	6	75505
152.028	0.0019989013671875	Stimulus/S  1	4	76014
153.042	0.0019989013671875	Stimulus/S  2	5	76521
154.058	0.0019989013671875	Stimulus/S  3	6	77029
155.074	0.0019989013671875	Stimulus/S  1	4	77537
156.088	0.0019989013671875	Stimulus/S  3	6	78044
157.104	0.0019989013671875	Stimulus/S  2	5	78552
158.12	0.0019989013671875	Stimulus/S  5	8	79060
159.136	0.0019989013671875	Stimulus/S  6	9	79568
160.152	0.00201416015625	Stimulus/S  4	7	80076
161.168	0.0019989013671875	Stimulus/S  5	8	80584
162.184	0.0019989013671875	Stimulus/S  6	9	81092
163.2	0.0019989013671875	Stimulus/S  4	7	81600
164.214	0.0019989013671875	Stimulus/S  5	8	82107
165.232	0.0019989013671875	Stimulus/S  7	10	82616
166.246	0.0019989013671875	Stimulus/S  4	7	83123
167.262	0.00201416015625	Stimulus/S  6	9	83631
168.278	0.0019989013671875	Stimulus/S  4	7	84139
169.294	0.0019989013671875	Stimulus/S  6	9	84647
170.31	0.0019989013671875	Stimulus/S  5	8	85155
171.324	0.0019989013671875	Stimulus/S  6	9	85662
172.34	0.0019989013671875	Stimulus/S  5	8	86170
173.356	0.0019989013671875	Stimulus/S  4	7	86678
174.372	0.0019989013671875	Stimulus/S  6	9	87186
175.388	0.0019989013671875	Stimulus/S  4	7	87694
176.408	0.0019989013671875	Stimulus/S  5	8	88204
177.418	0.0019989013671875	Stimulus/S  4	7	88709
178.436	0.0019989013671875	Stimulus/S  5	8	89218
179.45	0.0019989013671875	Stimulus/S  6	9	89725
180.466	0.0019989013671875	Stimulus/S  4	7	90233
181.482	0.0019989013671875	Stimulus/S  6	9	90741
182.498	0.0019989013671875	Stimulus/S  5	8	91249
183.514	0.0019989013671875	Stimulus/S  4	7	91757
184.53	0.0019989013671875	Stimulus/S  7	10	92265
185.546	0.0019989013671875	Stimulus/S  5	8	92773
186.56	0.0019989013671875	Stimulus/S  6	9	93280
187.576	0.0019989013671875	Stimulus/S  4	7	93788
188.592	0.0019989013671875	Stimulus/S  5	8	94296
189.608	0.0019989013671875	Stimulus/S  6	9	94804
190.628	0.0019989013671875	Stimulus/S  3	6	95314
191.64	0.0019989013671875	Stimulus/S  7	10	95820
192.656	0.0019989013671875	Stimulus/S  1	4	96328
193.656	0.0019989013671875	Stimulus/S  2	5	96828
194.656	0.0019989013671875	Stimulus/S  3	6	97328
195.656	0.0019989013671875	Stimulus/S  1	4	97828
196.656	0.0019989013671875	Stimulus/S  2	5	98328
197.656	0.0019989013671875	Stimulus/S  1	4	98828
198.656	0.0019989013671875	Stimulus/S  3	6	99328
199.656	0.0019989013671875	Stimulus/S  2	5	99828
200.656	0.0019989013671875	Stimulus/S  1	4	100328
201.658	0.0019989013671875	Stimulus/S  7	10	100829
202.672	0.0019989013671875	Stimulus/S  3	6	101336
203.688	0.0019989013671875	Stimulus/S  2	5	101844
204.704	0.0019989013671875	Stimulus/S  1	4	102352
205.72	0.0019989013671875	Stimulus/S  3	6	102860
206.734	0.0019989013671875	Stimulus/S  2	5	103367
207.75	0.0019989013671875	Stimulus/S  1	4	103875
208.766	0.0019989013671875	Stimulus/S  3	6	104383
209.782	0.0019989013671875	Stimulus/S  2	5	104891
210.798	0.0019989013671875	Stimulus/S  1	4	105399
211.814	0.0019989013671875	Stimulus/S  3	6	105907
212.83	0.0019989013671875	Stimulus/S  2	5	106415
213.844	0.0019989013671875	Stimulus/S  3	6	106922
214.862	0.0019989013671875	Stimulus/S  7	10	107431
215.876	0.0019989013671875	Stimulus/S  2	5	107938
216.892	0.0019989013671875	Stimulus/S  1	4	108446
217.908	0.0019989013671875	Stimulus/S  2	5	108954
218.924	0.0019989013671875	Stimulus/S  1	4	109462
219.94	0.0019989013671875	Stimulus/S  3	6	109970
220.956	0.0019989013671875	Stimulus/S  2	5	110478
221.97	0.0019989013671875	Stimulus/S  1	4	110985
222.986	0.00201416015625	Stimulus/S  3	6	111493
224.002	0.0019989013671875	Stimulus/S  6	9	112001
225.034	0.0019989013671875	Stimulus/S  5	8	112517
226.066	0.0019989013671875	Stimulus/S  4	7	113033
227.08	0.0019989013671875	Stimulus/S  6	9	113540
228.096	0.00201416015625	Stimulus/S  5	8	114048
229.128	0.0019989013671875	Stimulus/S  4	7	114564
230.144	0.0019989013671875	Stimulus/S  6	9	115072
231.16	0.0019989013671875	Stimulus/S  4	7	115580
232.174	0.0019989013671875	Stimulus/S  7	10	116087
233.19	0.0019989013671875	Stimulus/S  5	8	116595
234.208	0.00201416015625	Stimulus/S  4	7	117104
235.222	0.0019989013671875	Stimulus/S  5	8	117611
236.238	0.0019989013671875	Stimulus/S  6	9	118119
237.254	0.0019989013671875	Stimulus/S  5	8	118627
238.27	0.0019989013671875	Stimulus/S  4	7	119135
239.286	0.0019989013671875	Stimulus/S  6	9	119643
240.3	0.0019989013671875	Stimulus/S  4	7	120150
241.316	0.0019989013671875	Stimulus/S  5	8	120658
242.332	0.0019989013671875	Stimulus/S  6	9	121166
243.348	0.0019989013671875	Stimulus/S  4	7	121674
244.364	0.0019989013671875	Stimulus/S  5	8	122182
245.38	0.0019989013671875	Stimulus/S  6	9	122690
246.396	0.0019989013671875	Stimulus/S  4	7	123198
247.41	0.0019989013671875	Stimulus/S  5	8	123705
248.43	0.00201416015625	Stimulus/S  6	9	124215
249.442	0.0019989013671875	Stimulus/S  5	8	124721
250.458	0.00201416015625	Stimulus/S  4	7	125229
251.474	0.0019989013671875	Stimulus/S  6	9	125737
252.49	0.0019989013671875	Stimulus/S  4	7	126245
253.506	0.0019989013671875	Stimulus/S  6	9	126753
254.522	0.0019989013671875	Stimulus/S  5	8	127261
255.552	0.0019989013671875	Stimulus/S  2	5	127776
256.568	0.00201416015625	Stimulus/S  1	4	128284
257.584	0.001983642578125	Stimulus/S  3	6	128792
258.6	0.001983642578125	Stimulus/S  2	5	129300
259.616	0.00201416015625	Stimulus/S  1	4	129808
260.632	0.00201416015625	Stimulus/S  3	6	130316
261.646	0.00201416015625	Stimulus/S  2	5	130823
262.662	0.00201416015625	Stimulus/S  3	6	131331
263.694	0.00201416015625	Stimulus/S  1	4	131847
264.71	0.00201416015625	Stimulus/S  2	5	132355
265.726	0.001983642578125	Stimulus/S  7	10	132863
266.756	0.001983642578125	Stimulus/S  1	4	133378
267.772	0.001983642578125	Stimulus/S  3	6	133886
268.788	0.00201416015625	Stimulus/S  2	5	134394
269.804	0.00201416015625	Stimulus/S  3	6	134902
270.836	0.00201416015625	Stimulus/S  1	4	135418
271.866	0.00201416015625	Stimulus/S  2	5	135933
272.882	0.00201416015625	Stimulus/S  1	4	136441
273.898	0.001983642578125	Stimulus/S  3	6	136949
274.914	0.001983642578125	Stimulus/S  1	4	137457
275.946	0.001983642578125	Stimulus/S  3	6	137973
276.96	0.00201416015625	Stimulus/S  2	5	138480
277.976	0.001983642578125	Stimulus/S  1	4	138988
278.992	0.001983642578125	Stimulus/S  2	5	139496
280.01	0.001983642578125	Stimulus/S  3	6	140005
281.024	0.00201416015625	Stimulus/S  1	4	140512
282.04	0.001983642578125	Stimulus/S  3	6	141020
283.056	0.00201416015625	Stimulus/S  2	5	141528
284.072	0.00201416015625	Stimulus/S  3	6	142036
285.086	0.00201416015625	Stimulus/S  2	5	142543
286.102	0.00201416015625	Stimulus/S  1	4	143051
287.118	0.001983642578125	Stimulus/S  4	7	143559
288.134	0.001983642578125	Stimulus/S  6	9	144067
289.15	0.00201416015625	Stimulus/S  5	8	144575
290.166	0.00201416015625	Stimulus/S  4	7	145083
291.182	0.001983642578125	Stimulus/S  6	9	145591
292.196	0.001983642578125	Stimulus/S  5	8	146098
293.212	0.001983642578125	Stimulus/S  4	7	146606
294.23	0.001983642578125	Stimulus/S  5	8	147115
295.244	0.00201416015625	Stimulus/S  6	9	147622
296.26	0.001983642578125	Stimulus/S  5	8	148130
297.276	0.00201416015625	Stimulus/S  6	9	148638
298.292	0.00201416015625	Stimulus/S  4	7	149146
299.306	0.00201416015625	Stimulus/S  5	8	149653
300.338	0.001983642578125	Stimulus/S  6	9	150169
301.354	0.001983642578125	Stimulus/S  4	7	150677
302.37	0.00201416015625	Stimulus/S  6	9	151185
303.386	0.00201416015625	Stimulus/S  5	8	151693
304.416	0.00201416015625	Stimulus/S  4	7	152208
305.432	0.001983642578125	Stimulus/S  5	8	152716
306.448	0.00201416015625	Stimulus/S  4	7	153224
307.464	0.00201416015625	Stimulus/S  6	9	153732
308.48	0.001983642578125	Stimulus/S  4	7	154240
309.496	0.001983642578125	Stimulus/S  5	8	154748
310.512	0.00201416015625	Stimulus/S  6	9	155256
311.528	0.001983642578125	Stimulus/S  4	7	155764
312.542	0.00201416015625	Stimulus/S  6	9	156271
313.558	0.001983642578125	Stimulus/S  5	8	156779
314.574	0.001983642578125	Stimulus/S  4	7	157287
315.61	0.00201416015625	Stimulus/S  5	8	157805
316.638	0.00201416015625	Stimulus/S  7	10	158319
317.668	0.00201416015625	Stimulus/S  6	9	158834
318.684	0.00201416015625	Stimulus/S  3	6	159342
319.7	0.001983642578125	Stimulus/S  2	5	159850
320.716	0.001983642578125	Stimulus/S  1	4	160358
321.732	0.00201416015625	Stimulus/S  3	6	160866
322.746	0.001983642578125	Stimulus/S  2	5	161373
323.762	0.00201416015625	Stimulus/S  1	4	161881
324.778	0.001983642578125	Stimulus/S  2	5	162389
325.794	0.001983642578125	Stimulus/S  1	4	162897
326.812	0.001983642578125	Stimulus/S  3	6	163406
327.826	0.00201416015625	Stimulus/S  1	4	163913
328.842	0.001983642578125	Stimulus/S  2	5	164421
329.858	0.001983642578125	Stimulus/S  3	6	164929
330.858	0.001983642578125	Stimulus/S  2	5	165429
331.858	0.001983642578125	Stimulus/S  1	4	165929
332.858	0.001983642578125	Stimulus/S  3	6	166429
333.858	0.001983642578125	Stimulus/S  7	10	166929
334.874	0.00201416015625	Stimulus/S  1	4	167437
335.888	0.00201416015625	Stimulus/S  3	6	167944
336.904	0.00201416015625	Stimulus/S  2	5	168452
337.92	0.001983642578125	Stimulus/S  3	6	168960
338.936	0.001983642578125	Stimulus/S  1	4	169468
339.952	0.00201416015625	Stimulus/S  2	5	169976
340.968	0.00201416015625	Stimulus/S  3	6	170484
341.984	0.001983642578125	Stimulus/S  2	5	170992
343.0	0.00201416015625	Stimulus/S  1	4	171500
344.014	0.001983642578125	Stimulus/S  3	6	172007
345.03	0.00201416015625	Stimulus/S  1	4	172515
346.06	0.00201416015625	Stimulus/S  2	5	173030
347.062	0.001983642578125	Stimulus/S  3	6	173531
348.078	0.001983642578125	Stimulus/S  2	5	174039
349.094	0.00201416015625	Stimulus/S  1	4	174547
350.124	0.00201416015625	Stimulus/S  6	9	175062
351.14	0.001983642578125	Stimulus/S  4	7	175570
352.156	0.001983642578125	Stimulus/S  5	8	176078
353.172	0.00201416015625	Stimulus/S  6	9	176586
354.188	0.00201416015625	Stimulus/S  4	7	177094
355.204	0.001983642578125	Stimulus/S  5	8	177602
356.22	0.001983642578125	Stimulus/S  4	7	178110
357.234	0.001983642578125	Stimulus/S  6	9	178617
358.25	0.00201416015625	Stimulus/S  5	8	179125
359.282	0.001983642578125	Stimulus/S  6	9	179641
360.298	0.001983642578125	Stimulus/S  5	8	180149
361.314	0.00201416015625	Stimulus/S  4	7	180657
362.344	0.00201416015625	Stimulus/S  6	9	181172
363.36	0.00201416015625	Stimulus/S  4	7	181680
364.376	0.001983642578125	Stimulus/S  5	8	182188
365.392	0.00201416015625	Stimulus/S  6	9	182696
366.412	0.00201416015625	Stimulus/S  5	8	183206
367.424	0.001983642578125	Stimulus/S  4	7	183712
368.44	0.001983642578125	Stimulus/S  5	8	184220
369.454	0.001983642578125	Stimulus/S  6	9	184727
370.47	0.001983642578125	Stimulus/S  4	7	185235
371.486	0.00201416015625	Stimulus/S  5	8	185743
372.502	0.001983642578125	Stimulus/S  4	7	186251
373.518	0.001983642578125	Stimulus/S  6	9	186759
374.534	0.00201416015625	Stimulus/S  4	7	187267
375.55	0.00201416015625	Stimulus/S  6	9	187775
376.566	0.001983642578125	Stimulus/S  5	8	188283
377.58	0.00201416015625	Stimulus/S  4	7	188790
378.596	0.001983642578125	Stimulus/S  6	9	189298
379.614	0.001983642578125	Stimulus/S  5	8	189807
380.632	0.00201416015625	Stimulus/S  3	6	190316
381.644	0.001983642578125	Stimulus/S  2	5	190822
382.66	0.001983642578125	Stimulus/S  1	4	191330
383.66	0.001983642578125	Stimulus/S  3	6	191830
384.66	0.001983642578125	Stimulus/S  7	10	192330
385.676	0.00201416015625	Stimulus/S  2	5	192838
386.692	0.00201416015625	Stimulus/S  1	4	193346
387.706	0.00201416015625	Stimulus/S  3	6	193853
388.722	0.00201416015625	Stimulus/S  2	5	194361
389.738	0.001983642578125	Stimulus/S  1	4	194869
390.754	0.00201416015625	Stimulus/S  3	6	195377
391.77	0.00201416015625	Stimulus/S  1	4	195885
392.786	0.001983642578125	Stimulus/S  2	5	196393
393.802	0.001983642578125	Stimulus/S  3	6	196901
394.816	0.001983642578125	Stimulus/S  2	5	197408
395.834	0.001983642578125	Stimulus/S  1	4	197917
396.848	0.00201416015625	Stimulus/S  3	6	198424
397.864	0.001983642578125	Stimulus/S  1	4	198932
398.88	0.001983642578125	Stimulus/S  2	5	199440
399.912	0.00201416015625	Stimulus/S  1	4	199956
400.926	0.00201416015625	Stimulus/S  2	5	200463
401.942	0.00201416015625	Stimulus/S  3	6	200971
402.958	0.001983642578125	Stimulus/S  2	5	201479
403.974	0.00201416015625	Stimulus/S  1	4	201987
404.99	0.00201416015625	Stimulus/S  3	6	202495
406.006	0.001983642578125	Stimulus/S  1	4	203003
407.022	0.001983642578125	Stimulus/S  3	6	203511
408.038	0.00201416015625	Stimulus/S  7	10	204019
409.052	0.001983642578125	Stimulus/S  2	5	204526
410.068	0.00201416015625	Stimulus/S  3	6	205034
411.084	0.001983642578125	Stimulus/S  1	4	205542
412.1	0.001983642578125	Stimulus/S  2	5	206050
413.116	0.00201416015625	Stimulus/S  6	9	206558
414.132	0.00201416015625	Stimulus/S  4	7	207066
415.148	0.001983642578125	Stimulus/S  7	10	207574
416.162	0.00201416015625	Stimulus/S  5	8	208081
417.178	0.001983642578125	Stimulus/S  6	9	208589
418.194	0.00201416015625	Stimulus/S  4	7	209097
419.214	0.00201416015625	Stimulus/S  5	8	209607
420.226	0.001983642578125	Stimulus/S  4	7	210113
421.242	0.001983642578125	Stimulus/S  6	9	210621
422.272	0.001983642578125	Stimulus/S  5	8	211136
423.288	0.00201416015625	Stimulus/S  4	7	211644
424.304	0.00201416015625	Stimulus/S  6	9	212152
425.336	0.00201416015625	Stimulus/S  7	10	212668
426.368	0.001983642578125	Stimulus/S  5	8	213184
427.398	0.001983642578125	Stimulus/S  6	9	213699
428.414	0.001983642578125	Stimulus/S  5	8	214207
429.432	0.001983642578125	Stimulus/S  4	7	214716
430.446	0.001983642578125	Stimulus/S  6	9	215223
431.462	0.001983642578125	Stimulus/S  4	7	215731
432.462	0.001983642578125	Stimulus/S  5	8	216231
433.462	0.001983642578125	Stimulus/S  4	7	216731
434.462	0.001983642578125	Stimulus/S  6	9	217231
435.478	0.00201416015625	Stimulus/S  5	8	217739
436.494	0.00201416015625	Stimulus/S  6	9	218247
437.508	0.00201416015625	Stimulus/S  5	8	218754
438.524	0.00201416015625	Stimulus/S  4	7	219262
439.54	0.001983642578125	Stimulus/S  6	9	219770
440.556	0.00201416015625	Stimulus/S  5	8	220278
441.572	0.00201416015625	Stimulus/S  4	7	220786
442.588	0.001983642578125	Stimulus/S  5	8	221294
443.604	0.001983642578125	Stimulus/S  4	7	221802
444.62	0.00201416015625	Stimulus/S  7	10	222310
445.634	0.001983642578125	Stimulus/S  6	9	222817
446.65	0.00201416015625	Stimulus/S  1	4	223325
447.666	0.00201416015625	Stimulus/S  2	5	223833
448.682	0.001983642578125	Stimulus/S  3	6	224341
449.698	0.00201416015625	Stimulus/S  1	4	224849
450.714	0.00201416015625	Stimulus/S  2	5	225357
451.73	0.001983642578125	Stimulus/S  3	6	225865
452.744	0.00201416015625	Stimulus/S  1	4	226372
453.76	0.001983642578125	Stimulus/S  3	6	226880
454.776	0.00201416015625	Stimulus/S  2	5	227388
455.792	0.00201416015625	Stimulus/S  3	6	227896
456.824	0.001983642578125	Stimulus/S  1	4	228412
457.856	0.00201416015625	Stimulus/S  7	10	228928
458.87	0.00201416015625	Stimulus/S  2	5	229435
459.886	0.00201416015625	Stimulus/S  1	4	229943
460.902	0.001983642578125	Stimulus/S  3	6	230451
461.918	0.00201416015625	Stimulus/S  2	5	230959
462.934	0.00201416015625	Stimulus/S  1	4	231467
463.95	0.001983642578125	Stimulus/S  7	10	231975
464.964	0.00201416015625	Stimulus/S  3	6	232482
465.98	0.001983642578125	Stimulus/S  2	5	232990
466.996	0.001983642578125	Stimulus/S  3	6	233498
468.014	0.001983642578125	Stimulus/S  2	5	234007
469.028	0.001983642578125	Stimulus/S  1	4	234514
470.044	0.001983642578125	Stimulus/S  3	6	235022
471.06	0.00201416015625	Stimulus/S  1	4	235530
472.074	0.001983642578125	Stimulus/S  2	5	236037
473.09	0.00201416015625	Stimulus/S  3	6	236545
474.108	0.001983642578125	Stimulus/S  7	10	237054
475.122	0.001983642578125	Stimulus/S  2	5	237561
476.138	0.00201416015625	Stimulus/S  1	4	238069
477.154	0.00201416015625	Stimulus/S  3	6	238577
478.17	0.001983642578125	Stimulus/S  1	4	239085
479.186	0.001983642578125	Stimulus/S  2	5	239593
480.2	0.001983642578125	Stimulus/S  5	8	240100
481.216	0.001983642578125	Stimulus/S  4	7	240608
482.236	0.00201416015625	Stimulus/S  6	9	241118
483.248	0.00201416015625	Stimulus/S  5	8	241624
484.264	0.001983642578125	Stimulus/S  4	7	242132
485.28	0.00201416015625	Stimulus/S  6	9	242640
486.296	0.00201416015625	Stimulus/S  5	8	243148
487.31	0.00201416015625	Stimulus/S  6	9	243655
488.328	0.001983642578125	Stimulus/S  7	10	244164
489.342	0.001983642578125	Stimulus/S  4	7	244671
490.358	0.001983642578125	Stimulus/S  6	9	245179
491.374	0.00201416015625	Stimulus/S  5	8	245687
492.39	0.001983642578125	Stimulus/S  4	7	246195
493.406	0.001983642578125	Stimulus/S  5	8	246703
494.422	0.00201416015625	Stimulus/S  6	9	247211
495.436	0.001983642578125	Stimulus/S  4	7	247718
496.452	0.00201416015625	Stimulus/S  6	9	248226
497.484	0.001983642578125	Stimulus/S  5	8	248742
498.5	0.00201416015625	Stimulus/S  4	7	249250
499.516	0.00201416015625	Stimulus/S  7	10	249758
500.532	0.001983642578125	Stimulus/S  5	8	250266
501.546	0.00201416015625	Stimulus/S  4	7	250773
502.562	0.001983642578125	Stimulus/S  6	9	251281
503.578	0.001983642578125	Stimulus/S  5	8	251789
504.594	0.00201416015625	Stimulus/S  4	7	252297
505.612	0.00201416015625	Stimulus/S  6	9	252806
506.626	0.001983642578125	Stimulus/S  5	8	253313
507.642	0.00201416015625	Stimulus/S  6	9	253821
508.656	0.001983642578125	Stimulus/S  4	7	254328
509.674	0.001983642578125	Stimulus/S  7	10	254837
510.688	0.00201416015625	Stimulus/S  5	8	255344
511.704	0.001983642578125	Stimulus/S  4	7	255852
512.72	0.00201416015625	Stimulus/S  6	9	256360
514.96	0.0	BAD boundary	1	257480
514.96	0.0	EDGE boundary	2	257480
514.96	0.001953125	New Segment/	3	257480
516.366	0.001953125	Stimulus/S  5	8	258183
517.382	0.001953125	Stimulus/S  4	7	258691
518.396	0.00201416015625	Stimulus/S  6	9	259198
519.412	0.00201416015625	Stimulus/S  5	8	259706
520.428	0.00201416015625	Stimulus/S  4	7	260214
521.444	0.00201416015625	Stimulus/S  6	9	260722
522.46	0.001953125	Stimulus/S  4	7	261230
523.476	0.00201416015625	Stimulus/S  5	8	261738
524.492	0.00201416015625	Stimulus/S  6	9	262246
525.506	0.00201416015625	Stimulus/S  5	8	262753
526.522	0.00201416015625	Stimulus/S  4	7	263261
527.538	0.001953125	Stimulus/S  6	9	263769
528.554	0.00201416015625	Stimulus/S  5	8	264277
529.586	0.00201416015625	Stimulus/S  6	9	264793
530.602	0.00201416015625	Stimulus/S  4	7	265301
531.634	0.00201416015625	Stimulus/S  7	10	265817
532.664	0.00201416015625	Stimulus/S  5	8	266332
533.68	0.00201416015625	Stimulus/S  4	7	266840
534.696	0.00201416015625	Stimulus/S  6	9	267348
535.712	0.00201416015625	Stimulus/S  5	8	267856
536.726	0.00201416015625	Stimulus/S  6	9	268363
537.742	0.00201416015625	Stimulus/S  4	7	268871
538.758	0.00201416015625	Stimulus/S  6	9	269379
539.774	0.00201416015625	Stimulus/S  4	7	269887
540.79	0.00201416015625	Stimulus/S  5	8	270395
541.806	0.001953125	Stimulus/S  4	7	270903
542.822	0.001953125	Stimulus/S  6	9	271411
543.822	0.001953125	Stimulus/S  5	8	271911
544.822	0.001953125	Stimulus/S  6	9	272411
545.822	0.001953125	Stimulus/S  5	8	272911
546.822	0.001953125	Stimulus/S  7	10	273411
547.822	0.001953125	Stimulus/S  4	7	273911
548.822	0.001953125	Stimulus/S  2	5	274411
549.822	0.001953125	Stimulus/S  1	4	274911
550.822	0.001953125	Stimulus/S  3	6	275411
551.822	0.001953125	Stimulus/S  2	5	275911
552.822	0.001953125	Stimulus/S  1	4	276411
553.822	0.001953125	Stimulus/S  3	6	276911
554.822	0.001953125	Stimulus/S  2	5	277411
555.822	0.001953125	Stimulus/S  1	4	277911
556.822	0.001953125	Stimulus/S  3	6	278411
557.822	0.001953125	Stimulus/S  2	5	278911
558.822	0.001953125	Stimulus/S  3	6	279411
559.822	0.001953125	Stimulus/S  1	4	279911
560.824	0.00201416015625	Stimulus/S  3	6	280412
561.824	0.00201416015625	Stimulus/S  2	5	280912
562.84	0.001953125	Stimulus/S  7	10	281420
563.854	0.00201416015625	Stimulus/S  1	4	281927
564.87	0.00201416015625	Stimulus/S  3	6	282435
565.886	0.00201416015625	Stimulus/S  1	4	282943
566.902	0.00201416015625	Stimulus/S  2	5	283451
567.918	0.001953125	Stimulus/S  1	4	283959
568.934	0.001953125	Stimulus/S  3	6	284467
569.95	0.00201416015625	Stimulus/S  2	5	284975
570.964	0.00201416015625	Stimulus/S  3	6	285482
571.98	0.00201416015625	Stimulus/S  1	4	285990
572.996	0.00201416015625	Stimulus/S  2	5	286498
574.012	0.001953125	Stimulus/S  3	6	287006
575.028	0.00201416015625	Stimulus/S  7	10	287514
576.06	0.00201416015625	Stimulus/S  2	5	288030
577.074	0.00201416015625	Stimulus/S  1	4	288537
578.09	0.001953125	Stimulus/S  2	5	289045
579.106	0.001953125	Stimulus/S  3	6	289553
580.122	0.00201416015625	Stimulus/S  1	4	290061
581.138	0.00201416015625	Stimulus/S  6	9	290569
582.154	0.00201416015625	Stimulus/S  4	7	291077
583.184	0.001953125	Stimulus/S  5	8	291592
584.202	0.001953125	Stimulus/S  7	10	292101
585.216	0.00201416015625	Stimulus/S  6	9	292608
586.248	0.00201416015625	Stimulus/S  4	7	293124
587.28	0.001953125	Stimulus/S  5	8	293640
588.294	0.00201416015625	Stimulus/S  6	9	294147
589.31	0.00201416015625	Stimulus/S  5	8	294655
590.326	0.00201416015625	Stimulus/S  4	7	295163
591.342	0.00201416015625	Stimulus/S  6	9	295671
592.358	0.00201416015625	Stimulus/S  4	7	296179
593.376	0.00201416015625	Stimulus/S  5	8	296688
594.39	0.00201416015625	Stimulus/S  6	9	297195
595.404	0.00201416015625	Stimulus/S  4	7	297702
596.42	0.00201416015625	Stimulus/S  5	8	298210
597.436	0.00201416015625	Stimulus/S  4	7	298718
598.452	0.001953125	Stimulus/S  5	8	299226
599.468	0.001953125	Stimulus/S  6	9	299734
600.484	0.00201416015625	Stimulus/S  5	8	300242
601.5	0.00201416015625	Stimulus/S  6	9	300750
602.514	0.00201416015625	Stimulus/S  4	7	301257
603.532	0.00201416015625	Stimulus/S  7	10	301766
604.546	0.001953125	Stimulus/S  6	9	302273
605.562	0.00201416015625	Stimulus/S  4	7	302781
606.578	0.00201416015625	Stimulus/S  5	8	303289
607.596	0.00201416015625	Stimulus/S  4	7	303798
608.61	0.00201416015625	Stimulus/S  5	8	304305
609.626	0.00201416015625	Stimulus/S  6	9	304813
610.626	0.00201416015625	Stimulus/S  4	7	305313
611.64	0.00201416015625	Stimulus/S  6	9	305820
612.656	0.00201416015625	Stimulus/S  5	8	306328
613.688	0.00201416015625	Stimulus/S  2	5	306844
614.704	0.00201416015625	Stimulus/S  3	6	307352
615.72	0.00201416015625	Stimulus/S  1	4	307860
616.736	0.001953125	Stimulus/S  2	5	308368
617.75	0.00201416015625	Stimulus/S  3	6	308875
618.766	0.00201416015625	Stimulus/S  1	4	309383
619.782	0.00201416015625	Stimulus/S  2	5	309891
620.798	0.00201416015625	Stimulus/S  3	6	310399
621.814	0.001953125	Stimulus/S  1	4	310907
622.83	0.001953125	Stimulus/S  2	5	311415
623.846	0.00201416015625	Stimulus/S  1	4	311923
624.862	0.00201416015625	Stimulus/S  3	6	312431
625.876	0.00201416015625	Stimulus/S  2	5	312938
626.892	0.001953125	Stimulus/S  3	6	313446
627.908	0.001953125	Stimulus/S  1	4	313954
628.924	0.00201416015625	Stimulus/S  2	5	314462
629.94	0.00201416015625	Stimulus/S  3	6	314970
630.956	0.00201416015625	Stimulus/S  1	4	315478
631.972	0.00201416015625	Stimulus/S  3	6	315986
632.988	0.00201416015625	Stimulus/S  1	4	316494
634.004	0.001953125	Stimulus/S  7	10	317002
635.018	0.00201416015625	Stimulus/S  2	5	317509
636.034	0.00201416015625	Stimulus/S  1	4	318017
637.05	0.00201416015625	Stimulus/S  3	6	318525
638.066	0.00201416015625	Stimulus/S  2	5	319033
639.082	0.00201416015625	Stimulus/S  3	6	319541
640.098	0.001953125	Stimulus/S  1	4	320049
641.112	0.00201416015625	Stimulus/S  2	5	320556
642.128	0.00201416015625	Stimulus/S  1	4	321064
643.146	0.00201416015625	Stimulus/S  7	10	321573
644.16	0.00201416015625	Stimulus/S  3	6	322080
645.176	0.001953125	Stimulus/S  2	5	322588
646.192	0.001953125	Stimulus/S  6	9	323096
647.208	0.00201416015625	Stimulus/S  5	8	323604
648.222	0.00201416015625	Stimulus/S  4	7	324111
649.238	0.00201416015625	Stimulus/S  6	9	324619
650.254	0.001953125	Stimulus/S  5	8	325127
651.27	0.001953125	Stimulus/S  4	7	325635
652.286	0.00201416015625	Stimulus/S  6	9	326143
653.302	0.00201416015625	Stimulus/S  4	7	326651
654.318	0.00201416015625	Stimulus/S  5	8	327159
655.334	0.00201416015625	Stimulus/S  4	7	327667
656.348	0.001953125	Stimulus/S  5	8	328174
657.364	0.00201416015625	Stimulus/S  6	9	328682
658.38	0.00201416015625	Stimulus/S  4	7	329190
659.398	0.00201416015625	Stimulus/S  5	8	329699
660.412	0.00201416015625	Stimulus/S  6	9	330206
661.428	0.00201416015625	Stimulus/S  4	7	330714
662.444	0.00201416015625	Stimulus/S  6	9	331222
663.458	0.00201416015625	Stimulus/S  5	8	331729
664.474	0.00201416015625	Stimulus/S  4	7	332237
665.49	0.00201416015625	Stimulus/S  5	8	332745
666.506	0.00201416015625	Stimulus/S  6	9	333253
667.538	0.001953125	Stimulus/S  4	7	333769
668.568	0.00201416015625	Stimulus/S  6	9	334284
669.584	0.00201416015625	Stimulus/S  5	8	334792
670.602	0.00201416015625	Stimulus/S  7	10	335301
671.616	0.001953125	Stimulus/S  6	9	335808
672.632	0.001953125	Stimulus/S  4	7	336316
673.648	0.00201416015625	Stimulus/S  5	8	336824
674.664	0.00201416015625	Stimulus/S  6	9	337332
675.678	0.00201416015625	Stimulus/S  4	7	337839
676.696	0.00201416015625	Stimulus/S  7	10	338348
677.71	0.001953125	Stimulus/S  5	8	338855
678.726	0.00201416015625	Stimulus/S  2	5	339363
679.742	0.00201416015625	Stimulus/S  1	4	339871
680.758	0.00201416015625	Stimulus/S  3	6	340379
681.776	0.00201416015625	Stimulus/S  2	5	340888
682.788	0.001953125	Stimulus/S  1	4	341394
683.804	0.00201416015625	Stimulus/S  3	6	341902
684.82	0.00201416015625	Stimulus/S  2	5	342410
685.836	0.00201416015625	Stimulus/S  1	4	342918
686.852	0.00201416015625	Stimulus/S  3	6	343426
687.868	0.00201416015625	Stimulus/S  2	5	343934
688.884	0.00201416015625	Stimulus/S  1	4	344442
689.9	0.001953125	Stimulus/S  3	6	344950
690.914	0.00201416015625	Stimulus/S  2	5	345457
691.932	0.00201416015625	Stimulus/S  7	10	345966
692.946	0.00201416015625	Stimulus/S  3	6	346473
693.962	0.00201416015625	Stimulus/S  1	4	346981
694.978	0.001953125	Stimulus/S  3	6	347489
695.998	0.00201416015625	Stimulus/S  1	4	347999
697.01	0.00201416015625	Stimulus/S  2	5	348505
698.024	0.00201416015625	Stimulus/S  1	4	349012
699.026	0.00201416015625	Stimulus/S  2	5	349513
700.026	0.00201416015625	Stimulus/S  3	6	350013
701.04	0.00201416015625	Stimulus/S  1	4	350520
702.056	0.001953125	Stimulus/S  3	6	351028
703.088	0.00201416015625	Stimulus/S  2	5	351544
704.104	0.00201416015625	Stimulus/S  3	6	352052
705.12	0.00201416015625	Stimulus/S  1	4	352560
706.136	0.00201416015625	Stimulus/S  2	5	353068
707.15	0.001953125	Stimulus/S  1	4	353575
708.166	0.00201416015625	Stimulus/S  3	6	354083
709.182	0.00201416015625	Stimulus/S  2	5	354591
710.2	0.00201416015625	Stimulus/S  4	7	355100
711.214	0.00201416015625	Stimulus/S  5	8	355607
712.23	0.00201416015625	Stimulus/S  6	9	356115
713.246	0.00201416015625	Stimulus/S  4	7	356623
714.26	0.00201416015625	Stimulus/S  5	8	357130
715.276	0.00201416015625	Stimulus/S  6	9	357638
716.292	0.00201416015625	Stimulus/S  5	8	358146
717.308	0.00201416015625	Stimulus/S  4	7	358654
718.324	0.00201416015625	Stimulus/S  6	9	359162
719.34	0.001953125	Stimulus/S  4	7	359670
720.356	0.001953125	Stimulus/S  6	9	360178
721.372	0.00201416015625	Stimulus/S  5	8	360686
722.386	0.00201416015625	Stimulus/S  6	9	361193
723.402	0.00201416015625	Stimulus/S  4	7	361701
724.418	0.001953125	Stimulus/S  5	8	362209
725.434	0.001953125	Stimulus/S  6	9	362717
726.45	0.00201416015625	Stimulus/S  5	8	363225
727.466	0.00201416015625	Stimulus/S  4	7	363733
728.482	0.00201416015625	Stimulus/S  7	10	364241
729.498	0.00201416015625	Stimulus/S  6	9	364749
730.528	0.00201416015625	Stimulus/S  5	8	365264
731.56	0.00201416015625	Stimulus/S  4	7	365780
732.58	0.001953125	Stimulus/S  5	8	366290
733.592	0.00201416015625	Stimulus/S  6	9	366796
734.608	0.00201416015625	Stimulus/S  7	10	367304
735.622	0.00201416015625	Stimulus/S  4	7	367811
736.638	0.00201416015625	Stimulus/S  5	8	368319
737.654	0.00201416015625	Stimulus/S  6	9	368827
738.67	0.00201416015625	Stimulus/S  4	7	369335
739.686	0.00201416015625	Stimulus/S  6	9	369843
740.702	0.001953125	Stimulus/S  4	7	370351
741.716	0.00201416015625	Stimulus/S  5	8	370858
742.732	0.00201416015625	Stimulus/S  1	4	371366
743.748	0.00201416015625	Stimulus/S  3	6	371874
744.764	0.00201416015625	Stimulus/S  2	5	372382
745.78	0.001953125	Stimulus/S  1	4	372890
746.812	0.00201416015625	Stimulus/S  3	6	373406
747.842	0.00201416015625	Stimulus/S  2	5	373921
748.858	0.00201416015625	Stimulus/S  3	6	374429
749.874	0.001953125	Stimulus/S  1	4	374937
750.89	0.00201416015625	Stimulus/S  2	5	375445
751.906	0.00201416015625	Stimulus/S  7	10	375953
752.922	0.00201416015625	Stimulus/S  1	4	376461
753.938	0.00201416015625	Stimulus/S  3	6	376969
754.952	0.001953125	Stimulus/S  2	5	377476
755.968	0.001953125	Stimulus/S  1	4	377984
756.998	0.00201416015625	Stimulus/S  2	5	378499
758.014	0.00201416015625	Stimulus/S  3	6	379007
759.032	0.00201416015625	Stimulus/S  1	4	379516
760.048	0.00201416015625	Stimulus/S  2	5	380024
761.062	0.00201416015625	Stimulus/S  3	6	380531
762.078	0.00201416015625	Stimulus/S  2	5	381039
763.094	0.00201416015625	Stimulus/S  1	4	381547
764.11	0.00201416015625	Stimulus/S  3	6	382055
765.126	0.00201416015625	Stimulus/S  2	5	382563
766.142	0.001953125	Stimulus/S  1	4	383071
767.158	0.001953125	Stimulus/S  3	6	383579
768.172	0.00201416015625	Stimulus/S  1	4	384086
769.188	0.00201416015625	Stimulus/S  3	6	384594
770.204	0.00201416015625	Stimulus/S  2	5	385102
771.22	0.00201416015625	Stimulus/S  3	6	385610
772.236	0.001953125	Stimulus/S  1	4	386118
773.252	0.00201416015625	Stimulus/S  2	5	386626
774.268	0.00201416015625	Stimulus/S  4	7	387134
775.282	0.00201416015625	Stimulus/S  5	8	387641
776.298	0.00201416015625	Stimulus/S  6	9	388149
777.314	0.001953125	Stimulus/S  4	7	388657
778.33	0.001953125	Stimulus/S  5	8	389165
779.346	0.00201416015625	Stimulus/S  6	9	389673
780.362	0.00201416015625	Stimulus/S  5	8	390181
781.38	0.00201416015625	Stimulus/S  4	7	390690
782.394	0.00201416015625	Stimulus/S  6	9	391197
783.424	0.00201416015625	Stimulus/S  4	7	391712
784.44	0.00201416015625	Stimulus/S  6	9	392220
785.456	0.00201416015625	Stimulus/S  5	8	392728
786.472	0.00201416015625	Stimulus/S  6	9	393236
787.488	0.00201416015625	Stimulus/S  5	8	393744
788.518	0.00201416015625	Stimulus/S  4	7	394259
789.534	0.00201416015625	Stimulus/S  6	9	394767
790.55	0.00201416015625	Stimulus/S  5	8	395275
791.582	0.00201416015625	Stimulus/S  4	7	395791
792.6	0.00201416015625	Stimulus/S  7	10	396300
793.628	0.00201416015625	Stimulus/S  6	9	396814
794.66	0.00201416015625	Stimulus/S  4	7	397330
795.676	0.001953125	Stimulus/S  5	8	397838
796.692	0.001953125	Stimulus/S  4	7	398346
797.708	0.00201416015625	Stimulus/S  6	9	398854
798.722	0.00201416015625	Stimulus/S  5	8	399361
799.738	0.00201416015625	Stimulus/S  4	7	399869
800.754	0.001953125	Stimulus/S  6	9	400377
801.77	0.001953125	Stimulus/S  5	8	400885
802.786	0.00201416015625	Stimulus/S  6	9	401393
803.802	0.00201416015625	Stimulus/S  5	8	401901
804.818	0.00201416015625	Stimulus/S  4	7	402409
805.832	0.00201416015625	Stimulus/S  1	4	402916
806.848	0.001953125	Stimulus/S  3	6	403424
807.864	0.00201416015625	Stimulus/S  2	5	403932
808.88	0.00201416015625	Stimulus/S  1	4	404440
809.912	0.00201416015625	Stimulus/S  3	6	404956
810.928	0.00201416015625	Stimulus/S  2	5	405464
811.944	0.00201416015625	Stimulus/S  7	10	405972
812.958	0.00201416015625	Stimulus/S  1	4	406479
813.974	0.00201416015625	Stimulus/S  2	5	406987
814.99	0.00201416015625	Stimulus/S  3	6	407495
816.006	0.00201416015625	Stimulus/S  1	4	408003
817.022	0.00201416015625	Stimulus/S  2	5	408511
818.038	0.001953125	Stimulus/S  3	6	409019
819.054	0.00201416015625	Stimulus/S  2	5	409527
820.068	0.00201416015625	Stimulus/S  3	6	410034
821.084	0.00201416015625	Stimulus/S  1	4	410542
822.1	0.00201416015625	Stimulus/S  3	6	411050
823.116	0.001953125	Stimulus/S  1	4	411558
824.132	0.001953125	Stimulus/S  2	5	412066
825.148	0.00201416015625	Stimulus/S  1	4	412574
826.164	0.00201416015625	Stimulus/S  2	5	413082
827.18	0.00201416015625	Stimulus/S  3	6	413590
828.194	0.00201416015625	Stimulus/S  2	5	414097
829.21	0.001953125	Stimulus/S  1	4	414605
830.226	0.00201416015625	Stimulus/S  3	6	415113
831.242	0.00201416015625	Stimulus/S  1	4	415621
832.258	0.00201416015625	Stimulus/S  2	5	416129
833.274	0.00201416015625	Stimulus/S  3	6	416637
834.29	0.00201416015625	Stimulus/S  2	5	417145
835.304	0.00201416015625	Stimulus/S  3	6	417652
836.32	0.00201416015625	Stimulus/S  1	4	418160
837.336	0.00201416015625	Stimulus/S  4	7	418668
838.352	0.00201416015625	Stimulus/S  5	8	419176
839.368	0.00201416015625	Stimulus/S  6	9	419684
840.384	0.00201416015625	Stimulus/S  4	7	420192
841.414	0.00201416015625	Stimulus/S  5	8	420707
842.43	0.00201416015625	Stimulus/S  6	9	421215
843.446	0.00201416015625	Stimulus/S  4	7	421723
844.462	0.00201416015625	Stimulus/S  6	9	422231
845.494	0.001953125	Stimulus/S  5	8	422747
846.51	0.00201416015625	Stimulus/S  4	7	423255
847.524	0.00201416015625	Stimulus/S  5	8	423762
848.542	0.00201416015625	Stimulus/S  7	10	424271
849.556	0.001953125	Stimulus/S  6	9	424778
850.572	0.001953125	Stimulus/S  4	7	425286
851.588	0.00201416015625	Stimulus/S  5	8	425794
852.604	0.00201416015625	Stimulus/S  6	9	426302
853.62	0.00201416015625	Stimulus/S  5	8	426810
854.634	0.00201416015625	Stimulus/S  6	9	427317
855.652	0.00201416015625	Stimulus/S  4	7	427826
856.666	0.00201416015625	Stimulus/S  5	8	428333
857.682	0.00201416015625	Stimulus/S  6	9	428841
858.7	0.00201416015625	Stimulus/S  7	10	429350
859.714	0.00201416015625	Stimulus/S  4	7	429857
860.746	0.00201416015625	Stimulus/S  6	9	430373
861.76	0.00201416015625	Stimulus/S  5	8	430880
862.78	0.001953125	Stimulus/S  4	7	431390
863.792	0.00201416015625	Stimulus/S  6	9	431896
864.808	0.00201416015625	Stimulus/S  5	8	432404
865.824	0.00201416015625	Stimulus/S  4	7	432912
866.84	0.001953125	Stimulus/S  5	8	433420
867.856	0.001953125	Stimulus/S  6	9	433928
868.872	0.00201416015625	Stimulus/S  7	10	434436
869.886	0.00201416015625	Stimulus/S  4	7	434943
870.902	0.00201416015625	Stimulus/S  2	5	435451
871.918	0.001953125	Stimulus/S  3	6	435959
872.934	0.001953125	Stimulus/S  1	4	436467
873.95	0.00201416015625	Stimulus/S  2	5	436975
874.966	0.00201416015625	Stimulus/S  3	6	437483
875.982	0.00201416015625	Stimulus/S  1	4	437991
876.996	0.00201416015625	Stimulus/S  3	6	438498
878.012	0.001953125	Stimulus/S  2	5	439006
879.028	0.00201416015625	Stimulus/S  1	4	439514
880.028	0.00201416015625	Stimulus/S  3	6	440014
881.028	0.00201416015625	Stimulus/S  2	5	440514
882.028	0.00201416015625	Stimulus/S  1	4	441014
883.028	0.00201416015625	Stimulus/S  3	6	441514
884.028	0.00201416015625	Stimulus/S  1	4	442014
885.03	0.001953125	Stimulus/S  2	5	442515
886.03	0.001953125	Stimulus/S  1	4	443015
887.03	0.001953125	Stimulus/S  3	6	443515
888.03	0.001953125	Stimulus/S  2	5	444015
889.03	0.001953125	Stimulus/S  1	4	444515
890.03	0.001953125	Stimulus/S  2	5	445015
891.03	0.001953125	Stimulus/S  3	6	445515
892.03	0.001953125	Stimulus/S  1	4	446015
893.03	0.001953125	Stimulus/S  3	6	446515
894.046	0.001953125	Stimulus/S  2	5	447023
895.078	0.00201416015625	Stimulus/S  1	4	447539
896.092	0.00201416015625	Stimulus/S  2	5	448046
897.108	0.00201416015625	Stimulus/S  3	6	448554
898.124	0.001953125	Stimulus/S  1	4	449062
899.14	0.00201416015625	Stimulus/S  3	6	449570
900.156	0.00201416015625	Stimulus/S  2	5	450078
901.172	0.00201416015625	Stimulus/S  4	7	450586
902.188	0.00201416015625	Stimulus/S  5	8	451094
903.202	0.001953125	Stimulus/S  6	9	451601
904.218	0.001953125	Stimulus/S  4	7	452109
905.234	0.00201416015625	Stimulus/S  5	8	452617
906.25	0.00201416015625	Stimulus/S  6	9	453125
907.268	0.00201416015625	Stimulus/S  7	10	453634
908.282	0.00201416015625	Stimulus/S  4	7	454141
909.298	0.00201416015625	Stimulus/S  5	8	454649
910.314	0.001953125	Stimulus/S  6	9	455157
911.33	0.001953125	Stimulus/S  4	7	455665
912.346	0.00201416015625	Stimulus/S  6	9	456173
913.36	0.00201416015625	Stimulus/S  5	8	456680
914.376	0.00201416015625	Stimulus/S  6	9	457188
915.392	0.001953125	Stimulus/S  5	8	457696
916.408	0.001953125	Stimulus/S  4	7	458204
917.424	0.00201416015625	Stimulus/S  5	8	458712
918.44	0.00201416015625	Stimulus/S  4	7	459220
919.456	0.00201416015625	Stimulus/S  6	9	459728
920.47	0.00201416015625	Stimulus/S  4	7	460235
921.486	0.001953125	Stimulus/S  6	9	460743
922.518	0.00201416015625	Stimulus/S  5	8	461259
923.534	0.00201416015625	Stimulus/S  4	7	461767
924.55	0.00201416015625	Stimulus/S  6	9	462275
925.566	0.00201416015625	Stimulus/S  7	10	462783
926.582	0.00201416015625	Stimulus/S  5	8	463291
927.596	0.00201416015625	Stimulus/S  6	9	463798
928.612	0.00201416015625	Stimulus/S  4	7	464306
929.628	0.00201416015625	Stimulus/S  5	8	464814
930.644	0.00201416015625	Stimulus/S  4	7	465322
931.66	0.00201416015625	Stimulus/S  5	8	465830
932.676	0.001953125	Stimulus/S  6	9	466338
933.692	0.001953125	Stimulus/S  2	5	466846
934.706	0.00201416015625	Stimulus/S  1	4	467353
935.722	0.00201416015625	Stimulus/S  3	6	467861
936.738	0.00201416015625	Stimulus/S  2	5	468369
937.754	0.001953125	Stimulus/S  1	4	468877
938.77	0.001953125	Stimulus/S  3	6	469385
939.786	0.00201416015625	Stimulus/S  2	5	469893
940.804	0.00201416015625	Stimulus/S  7	10	470402
941.816	0.00201416015625	Stimulus/S  3	6	470908
942.832	0.00201416015625	Stimulus/S  1	4	471416
943.832	0.00201416015625	Stimulus/S  3	6	471916
944.832	0.00201416015625	Stimulus/S  2	5	472416
945.832	0.00201416015625	Stimulus/S  1	4	472916
946.832	0.00201416015625	Stimulus/S  3	6	473416
947.848	0.001953125	Stimulus/S  2	5	473924
948.864	0.00201416015625	Stimulus/S  1	4	474432
949.88	0.00201416015625	Stimulus/S  3	6	474940
950.896	0.00201416015625	Stimulus/S  2	5	475448
951.912	0.00201416015625	Stimulus/S  1	4	475956
952.928	0.00201416015625	Stimulus/S  3	6	476464
953.944	0.00201416015625	Stimulus/S  1	4	476972
954.96	0.001953125	Stimulus/S  2	5	477480
955.974	0.00201416015625	Stimulus/S  3	6	477987
956.99	0.00201416015625	Stimulus/S  1	4	478495
958.006	0.00201416015625	Stimulus/S  2	5	479003
959.022	0.00201416015625	Stimulus/S  3	6	479511
960.038	0.001953125	Stimulus/S  2	5	480019
961.054	0.00201416015625	Stimulus/S  1	4	480527
962.07	0.00201416015625	Stimulus/S  2	5	481035
963.086	0.00201416015625	Stimulus/S  3	6	481543
964.116	0.001953125	Stimulus/S  1	4	482058
965.132	0.001953125	Stimulus/S  5	8	482566
966.146	0.00201416015625	Stimulus/S  6	9	483073
967.182	0.00201416015625	Stimulus/S  4	7	483591
968.196	0.00201416015625	Stimulus/S  7	10	484098
969.21	0.001953125	Stimulus/S  5	8	484605
970.226	0.00201416015625	Stimulus/S  6	9	485113
971.242	0.00201416015625	Stimulus/S  4	7	485621
972.258	0.00201416015625	Stimulus/S  5	8	486129
973.274	0.00201416015625	Stimulus/S  6	9	486637
974.29	0.00201416015625	Stimulus/S  4	7	487145
975.32	0.00201416015625	Stimulus/S  6	9	487660
976.336	0.00201416015625	Stimulus/S  4	7	488168
977.352	0.00201416015625	Stimulus/S  5	8	488676
978.384	0.00201416015625	Stimulus/S  6	9	489192
979.402	0.00201416015625	Stimulus/S  4	7	489701
980.414	0.00201416015625	Stimulus/S  5	8	490207
981.43	0.00201416015625	Stimulus/S  4	7	490715
982.43	0.00201416015625	Stimulus/S  6	9	491215
983.43	0.00201416015625	Stimulus/S  5	8	491715
984.432	0.00201416015625	Stimulus/S  4	7	492216
985.446	0.00201416015625	Stimulus/S  5	8	492723
986.462	0.00201416015625	Stimulus/S  6	9	493231
987.478	0.001953125	Stimulus/S  5	8	493739
988.494	0.001953125	Stimulus/S  4	7	494247
989.51	0.00201416015625	Stimulus/S  6	9	494755
990.526	0.00201416015625	Stimulus/S  5	8	495263
991.542	0.00201416015625	Stimulus/S  4	7	495771
992.556	0.001953125	Stimulus/S  6	9	496278
993.572	0.001953125	Stimulus/S  5	8	496786
994.588	0.00201416015625	Stimulus/S  4	7	497294
995.606	0.001953125	Stimulus/S  6	9	497803
996.62	0.00201416015625	Stimulus/S  1	4	498310
997.636	0.00201416015625	Stimulus/S  2	5	498818
998.652	0.00201416015625	Stimulus/S  3	6	499326
999.666	0.00201416015625	Stimulus/S  1	4	499833
1000.682	0.00201416015625	Stimulus/S  2	5	500341
1001.7	0.00201416015625	Stimulus/S  7	10	500850
1002.714	0.00201416015625	Stimulus/S  3	6	501357
1003.73	0.00201416015625	Stimulus/S  1	4	501865
1004.746	0.00201416015625	Stimulus/S  2	5	502373
1005.762	0.001953125	Stimulus/S  3	6	502881
1006.778	0.00201416015625	Stimulus/S  1	4	503389
1007.792	0.00201416015625	Stimulus/S  2	5	503896
1008.808	0.00201416015625	Stimulus/S  3	6	504404
1009.84	0.001953125	Stimulus/S  1	4	504920
1010.856	0.001953125	Stimulus/S  2	5	505428
1011.872	0.00201416015625	Stimulus/S  3	6	505936
1012.888	0.00201416015625	Stimulus/S  1	4	506444
1013.902	0.00201416015625	Stimulus/S  2	5	506951
1014.918	0.001953125	Stimulus/S  3	6	507459
1015.934	0.001953125	Stimulus/S  2	5	507967
1016.95	0.00201416015625	Stimulus/S  3	6	508475
1017.966	0.00201416015625	Stimulus/S  1	4	508983
1018.986	0.001953125	Stimulus/S  2	5	509493
1019.998	0.00201416015625	Stimulus/S  1	4	509999
1021.012	0.001953125	Stimulus/S  3	6	510506
1022.028	0.00201416015625	Stimulus/S  1	4	511014
1023.044	0.00201416015625	Stimulus/S  2	5	511522
1024.06	0.001953125	Stimulus/S  3	6	512030
1025.076	0.001953125	Stimulus/S  2	5	512538
1026.092	0.001953125	Stimulus/S  3	6	513046
1027.108	0.001953125	Stimulus/S  1	4	513554
1037.68	0.0	BAD boundary	1	518840
1037.68	0.0	EDGE boundary	2	518840
1037.68	0.001953125	New Segment/	3	518840
1039.606	0.0020751953125	Stimulus/S  3	6	519803
1040.608	0.001953125	Stimulus/S  2	5	520304
1041.624	0.001953125	Stimulus/S  1	4	520812
1042.64	0.001953125	Stimulus/S  3	6	521320
1043.656	0.001953125	Stimulus/S  2	5	521828
1044.676	0.001953125	Stimulus/S  1	4	522338
1045.688	0.001953125	Stimulus/S  2	5	522844
1046.702	0.001953125	Stimulus/S  1	4	523351
1047.718	0.001953125	Stimulus/S  3	6	523859
1048.734	0.001953125	Stimulus/S  1	4	524367
1049.75	0.001953125	Stimulus/S  2	5	524875
1050.766	0.001953125	Stimulus/S  3	6	525383
1051.782	0.0020751953125	Stimulus/S  1	4	525891
1052.798	0.0020751953125	Stimulus/S  7	10	526399
1053.828	0.001953125	Stimulus/S  2	5	526914
1054.844	0.001953125	Stimulus/S  3	6	527422
1055.86	0.0020751953125	Stimulus/S  2	5	527930
1056.878	0.001953125	Stimulus/S  1	4	528439
1057.894	0.001953125	Stimulus/S  3	6	528947
1058.908	0.0020751953125	Stimulus/S  1	4	529454
1059.924	0.0020751953125	Stimulus/S  3	6	529962
1060.924	0.0020751953125	Stimulus/S  2	5	530462
1061.924	0.0020751953125	Stimulus/S  3	6	530962
1062.924	0.0020751953125	Stimulus/S  1	4	531462
1063.924	0.0020751953125	Stimulus/S  2	5	531962
1064.924	0.0020751953125	Stimulus/S  1	4	532462
1065.924	0.0020751953125	Stimulus/S  3	6	532962
1066.924	0.0020751953125	Stimulus/S  2	5	533462
1067.924	0.0020751953125	Stimulus/S  1	4	533962
1068.94	0.0020751953125	Stimulus/S  2	5	534470
1069.972	0.001953125	Stimulus/S  3	6	534986
1070.986	0.0020751953125	Stimulus/S  5	8	535493
1072.002	0.0020751953125	Stimulus/S  4	7	536001
1073.018	0.0020751953125	Stimulus/S  6	9	536509
1074.034	0.001953125	Stimulus/S  5	8	537017
1075.05	0.001953125	Stimulus/S  4	7	537525
1076.066	0.001953125	Stimulus/S  6	9	538033
1077.082	0.001953125	Stimulus/S  4	7	538541
1078.096	0.0020751953125	Stimulus/S  5	8	539048
1079.112	0.001953125	Stimulus/S  6	9	539556
1080.128	0.001953125	Stimulus/S  5	8	540064
1081.144	0.001953125	Stimulus/S  6	9	540572
1082.16	0.001953125	Stimulus/S  4	7	541080
1083.176	0.001953125	Stimulus/S  5	8	541588
1084.192	0.001953125	Stimulus/S  6	9	542096
1085.206	0.001953125	Stimulus/S  4	7	542603
1086.222	0.001953125	Stimulus/S  6	9	543111
1087.238	0.001953125	Stimulus/S  5	8	543619
1088.254	0.001953125	Stimulus/S  4	7	544127
1089.27	0.001953125	Stimulus/S  5	8	544635
1090.286	0.001953125	Stimulus/S  7	10	545143
1091.302	0.001953125	Stimulus/S  6	9	545651
1092.318	0.001953125	Stimulus/S  4	7	546159
1093.332	0.001953125	Stimulus/S  6	9	546666
1094.348	0.001953125	Stimulus/S  4	7	547174
1095.364	0.001953125	Stimulus/S  5	8	547682
1096.38	0.001953125	Stimulus/S  6	9	548190
1097.396	0.001953125	Stimulus/S  5	8	548698
1098.412	0.001953125	Stimulus/S  4	7	549206
1099.428	0.0020751953125	Stimulus/S  6	9	549714
1100.444	0.0020751953125	Stimulus/S  7	10	550222
1101.458	0.001953125	Stimulus/S  4	7	550729
1102.476	0.0020751953125	Stimulus/S  5	8	551238
1103.49	0.001953125	Stimulus/S  2	5	551745
1104.506	0.0020751953125	Stimulus/S  1	4	552253
1105.522	0.0020751953125	Stimulus/S  3	6	552761
1106.538	0.0020751953125	Stimulus/S  2	5	553269
1107.552	0.001953125	Stimulus/S  1	4	553776
1108.568	0.001953125	Stimulus/S  3	6	554284
1109.584	0.0020751953125	Stimulus/S  1	4	554792
1110.6	0.0020751953125	Stimulus/S  2	5	555300
1111.616	0.0020751953125	Stimulus/S  3	6	555808
1112.632	0.0020751953125	Stimulus/S  2	5	556316
1113.648	0.0020751953125	Stimulus/S  1	4	556824
1114.664	0.0020751953125	Stimulus/S  3	6	557332
1115.68	0.001953125	Stimulus/S  7	10	557840
1116.696	0.001953125	Stimulus/S  1	4	558348
1117.71	0.0020751953125	Stimulus/S  2	5	558855
1118.726	0.0020751953125	Stimulus/S  3	6	559363
1119.726	0.0020751953125	Stimulus/S  2	5	559863
1120.726	0.0020751953125	Stimulus/S  1	4	560363
1121.742	0.0020751953125	Stimulus/S  3	6	560871
1122.758	0.001953125	Stimulus/S  2	5	561379
1123.774	0.001953125	Stimulus/S  1	4	561887
1124.79	0.001953125	Stimulus/S  3	6	562395
1125.804	0.0020751953125	Stimulus/S  2	5	562902
1126.82	0.0020751953125	Stimulus/S  1	4	563410
1127.836	0.001953125	Stimulus/S  3	6	563918
1128.852	0.001953125	Stimulus/S  2	5	564426
1129.868	0.001953125	Stimulus/S  3	6	564934
1130.884	0.001953125	Stimulus/S  1	4	565442
1131.9	0.001953125	Stimulus/S  3	6	565950
1132.916	0.001953125	Stimulus/S  1	4	566458
1133.93	0.001953125	Stimulus/S  2	5	566965
1134.946	0.001953125	Stimulus/S  6	9	567473
1135.978	0.001953125	Stimulus/S  4	7	567989
1136.994	0.001953125	Stimulus/S  5	8	568497
1138.01	0.001953125	Stimulus/S  6	9	569005
1139.026	0.001953125	Stimulus/S  7	10	569513
1140.04	0.001953125	Stimulus/S  4	7	570020
1141.056	0.001953125	Stimulus/S  5	8	570528
1142.074	0.0020751953125	Stimulus/S  6	9	571037
1143.088	0.001953125	Stimulus/S  5	8	571544
1144.104	0.001953125	Stimulus/S  4	7	572052
1145.12	0.001953125	Stimulus/S  6	9	572560
1146.136	0.001953125	Stimulus/S  5	8	573068
1147.15	0.001953125	Stimulus/S  4	7	573575
1148.182	0.001953125	Stimulus/S  6	9	574091
1149.214	0.001953125	Stimulus/S  4	7	574607
1150.246	0.0020751953125	Stimulus/S  5	8	575123
1151.26	0.001953125	Stimulus/S  6	9	575630
1152.278	0.0020751953125	Stimulus/S  7	10	576139
1153.292	0.001953125	Stimulus/S  4	7	576646
1154.308	0.0020751953125	Stimulus/S  5	8	577154
1155.324	0.0020751953125	Stimulus/S  6	9	577662
1156.34	0.0020751953125	Stimulus/S  5	8	578170
1157.356	0.0020751953125	Stimulus/S  4	7	578678
1158.37	0.001953125	Stimulus/S  5	8	579185
1159.386	0.001953125	Stimulus/S  6	9	579693
1160.402	0.0020751953125	Stimulus/S  4	7	580201
1161.418	0.0020751953125	Stimulus/S  6	9	580709
1162.434	0.0020751953125	Stimulus/S  4	7	581217
1163.45	0.0020751953125	Stimulus/S  5	8	581725
1164.466	0.0020751953125	Stimulus/S  4	7	582233
1165.48	0.0020751953125	Stimulus/S  5	8	582740
1166.498	0.001953125	Stimulus/S  6	9	583249
1167.512	0.0020751953125	Stimulus/S  3	6	583756
1168.528	0.0020751953125	Stimulus/S  2	5	584264
1169.544	0.0020751953125	Stimulus/S  1	4	584772
1170.56	0.001953125	Stimulus/S  3	6	585280
1171.576	0.001953125	Stimulus/S  7	10	585788
1172.592	0.001953125	Stimulus/S  2	5	586296
1173.622	0.0020751953125	Stimulus/S  1	4	586811
1174.638	0.0020751953125	Stimulus/S  3	6	587319
1175.654	0.001953125	Stimulus/S  1	4	587827
1176.67	0.001953125	Stimulus/S  2	5	588335
1177.686	0.001953125	Stimulus/S  1	4	588843
1178.702	0.001953125	Stimulus/S  3	6	589351
1179.716	0.0020751953125	Stimulus/S  2	5	589858
1180.734	0.001953125	Stimulus/S  7	10	590367
1181.748	0.001953125	Stimulus/S  1	4	590874
1182.764	0.001953125	Stimulus/S  3	6	591382
1183.78	0.001953125	Stimulus/S  2	5	591890
1184.812	0.001953125	Stimulus/S  3	6	592406
1185.826	0.001953125	Stimulus/S  2	5	592913
1186.842	0.001953125	Stimulus/S  1	4	593421
1187.858	0.001953125	Stimulus/S  3	6	593929
1188.878	0.001953125	Stimulus/S  2	5	594439
1189.89	0.001953125	Stimulus/S  1	4	594945
1190.906	0.001953125	Stimulus/S  3	6	595453
1191.922	0.001953125	Stimulus/S  2	5	595961
1192.936	0.001953125	Stimulus/S  1	4	596468
1193.954	0.0020751953125	Stimulus/S  7	10	596977
1194.968	0.001953125	Stimulus/S  2	5	597484
1195.984	0.001953125	Stimulus/S  1	4	597992
1197.0	0.001953125	Stimulus/S  3	6	598500
1198.016	0.001953125	Stimulus/S  1	4	599008
1199.046	0.001953125	Stimulus/S  2	5	599523
1200.062	0.001953125	Stimulus/S  3	6	600031
1201.08	0.0020751953125	Stimulus/S  6	9	600540
1202.094	0.001953125	Stimulus/S  5	8	601047
1203.11	0.0020751953125	Stimulus/S  4	7	601555
1204.126	0.0020751953125	Stimulus/S  6	9	602063
1205.126	0.0020751953125	Stimulus/S  5	8	602563
1206.126	0.0020751953125	Stimulus/S  4	7	603063
1207.126	0.0020751953125	Stimulus/S  5	8	603563
1208.126	0.0020751953125	Stimulus/S  6	9	604063
1209.142	0.0020751953125	Stimulus/S  4	7	604571
1210.158	0.0020751953125	Stimulus/S  6	9	605079
1211.174	0.0020751953125	Stimulus/S  5	8	605587
1212.188	0.001953125	Stimulus/S  4	7	606094
1213.204	0.0020751953125	Stimulus/S  6	9	606602
1214.22	0.0020751953125	Stimulus/S  4	7	607110
1215.236	0.0020751953125	Stimulus/S  5	8	607618
1216.252	0.0020751953125	Stimulus/S  4	7	608126
1217.268	0.0020751953125	Stimulus/S  5	8	608634
1218.298	0.0020751953125	Stimulus/S  6	9	609149
1219.314	0.0020751953125	Stimulus/S  5	8	609657
1220.33	0.0020751953125	Stimulus/S  4	7	610165
1221.348	0.001953125	Stimulus/S  7	10	610674
1222.362	0.001953125	Stimulus/S  6	9	611181
1223.378	0.001953125	Stimulus/S  5	8	611689
1224.394	0.001953125	Stimulus/S  4	7	612197
1225.408	0.0020751953125	Stimulus/S  6	9	612704
1226.424	0.0020751953125	Stimulus/S  5	8	613212
1227.44	0.0020751953125	Stimulus/S  6	9	613720
1228.456	0.001953125	Stimulus/S  4	7	614228
1229.472	0.001953125	Stimulus/S  6	9	614736
1230.488	0.001953125	Stimulus/S  5	8	615244
1231.504	0.001953125	Stimulus/S  4	7	615752
1232.52	0.001953125	Stimulus/S  2	5	616260
1233.534	0.001953125	Stimulus/S  1	4	616767
1234.55	0.001953125	Stimulus/S  3	6	617275
1235.566	0.001953125	Stimulus/S  2	5	617783
1236.584	0.0020751953125	Stimulus/S  7	10	618292
1237.598	0.001953125	Stimulus/S  1	4	618799
1238.614	0.001953125	Stimulus/S  3	6	619307
1239.63	0.001953125	Stimulus/S  1	4	619815
1240.644	0.001953125	Stimulus/S  3	6	620322
1241.66	0.001953125	Stimulus/S  2	5	620830
1242.68	0.001953125	Stimulus/S  1	4	621340
1243.692	0.001953125	Stimulus/S  3	6	621846
1244.708	0.001953125	Stimulus/S  2	5	622354
1245.724	0.001953125	Stimulus/S  3	6	622862
1246.74	0.001953125	Stimulus/S  2	5	623370
1247.756	0.0020751953125	Stimulus/S  1	4	623878
1248.77	0.001953125	Stimulus/S  2	5	624385
1249.786	0.001953125	Stimulus/S  3	6	624893
1250.802	0.001953125	Stimulus/S  1	4	625401
1251.818	0.001953125	Stimulus/S  2	5	625909
1252.85	0.0020751953125	Stimulus/S  3	6	626425
1253.866	0.0020751953125	Stimulus/S  1	4	626933
1254.88	0.001953125	Stimulus/S  3	6	627440
1255.9	0.001953125	Stimulus/S  7	10	627950
1256.928	0.0020751953125	Stimulus/S  1	4	628464
1257.944	0.0020751953125	Stimulus/S  2	5	628972
1258.976	0.0020751953125	Stimulus/S  1	4	629488
1259.99	0.001953125	Stimulus/S  2	5	629995
1261.006	0.0020751953125	Stimulus/S  3	6	630503
1262.022	0.0020751953125	Stimulus/S  1	4	631011
1263.038	0.0020751953125	Stimulus/S  2	5	631519
1264.054	0.0020751953125	Stimulus/S  3	6	632027
1265.07	0.0020751953125	Stimulus/S  4	7	632535
1266.086	0.001953125	Stimulus/S  5	8	633043
1267.102	0.001953125	Stimulus/S  6	9	633551
1268.116	0.0020751953125	Stimulus/S  4	7	634058
1269.132	0.0020751953125	Stimulus/S  5	8	634566
1270.148	0.0020751953125	Stimulus/S  6	9	635074
1271.164	0.0020751953125	Stimulus/S  5	8	635582
1272.18	0.001953125	Stimulus/S  6	9	636090
1273.196	0.001953125	Stimulus/S  4	7	636598
1274.212	0.001953125	Stimulus/S  5	8	637106
1275.226	0.0020751953125	Stimulus/S  4	7	637613
1276.242	0.0020751953125	Stimulus/S  6	9	638121
1277.258	0.001953125	Stimulus/S  4	7	638629
1278.274	0.001953125	Stimulus/S  6	9	639137
1279.29	0.001953125	Stimulus/S  5	8	639645
1280.306	0.001953125	Stimulus/S  6	9	640153
1281.322	0.001953125	Stimulus/S  4	7	640661
1282.336	0.001953125	Stimulus/S  5	8	641168
1283.352	0.001953125	Stimulus/S  4	7	641676
1284.384	0.001953125	Stimulus/S  6	9	642192
1285.4	0.001953125	Stimulus/S  5	8	642700
1286.416	0.001953125	Stimulus/S  4	7	643208
1287.432	0.001953125	Stimulus/S  5	8	643716
1288.446	0.001953125	Stimulus/S  6	9	644223
1289.462	0.001953125	Stimulus/S  4	7	644731
1290.482	0.001953125	Stimulus/S  6	9	645241
1291.496	0.0020751953125	Stimulus/S  7	10	645748
1292.51	0.001953125	Stimulus/S  5	8	646255
1293.526	0.001953125	Stimulus/S  6	9	646763
1294.542	0.001953125	Stimulus/S  5	8	647271
1295.556	0.001953125	Stimulus/S  4	7	647778
1296.572	0.001953125	Stimulus/S  1	4	648286
1297.588	0.001953125	Stimulus/S  3	6	648794
1298.604	0.001953125	Stimulus/S  2	5	649302
1299.62	0.001953125	Stimulus/S  7	10	649810
1300.636	0.001953125	Stimulus/S  1	4	650318
1301.652	0.0020751953125	Stimulus/S  3	6	650826
1302.668	0.0020751953125	Stimulus/S  2	5	651334
1303.682	0.001953125	Stimulus/S  1	4	651841
1304.702	0.001953125	Stimulus/S  2	5	652351
1305.714	0.001953125	Stimulus/S  3	6	652857
1306.73	0.0020751953125	Stimulus/S  1	4	653365
1307.746	0.0020751953125	Stimulus/S  2	5	653873
1308.762	0.0020751953125	Stimulus/S  3	6	654381
1309.778	0.0020751953125	Stimulus/S  2	5	654889
1310.792	0.001953125	Stimulus/S  3	6	655396
1311.808	0.0020751953125	Stimulus/S  1	4	655904
1312.824	0.0020751953125	Stimulus/S  2	5	656412
1313.84	0.0020751953125	Stimulus/S  3	6	656920
1314.856	0.0020751953125	Stimulus/S  1	4	657428
1315.872	0.0020751953125	Stimulus/S  3	6	657936
1316.888	0.0020751953125	Stimulus/S  7	10	658444
1317.902	0.0020751953125	Stimulus/S  1	4	658951
1318.918	0.0020751953125	Stimulus/S  2	5	659459
1319.934	0.0020751953125	Stimulus/S  3	6	659967
1320.95	0.0020751953125	Stimulus/S  2	5	660475
1321.966	0.0020751953125	Stimulus/S  1	4	660983
1322.982	0.001953125	Stimulus/S  2	5	661491
1323.998	0.001953125	Stimulus/S  1	4	661999
1325.014	0.001953125	Stimulus/S  3	6	662507
1326.028	0.0020751953125	Stimulus/S  1	4	663014
1327.044	0.0020751953125	Stimulus/S  3	6	663522
1328.062	0.001953125	Stimulus/S  7	10	664031
1329.076	0.001953125	Stimulus/S  2	5	664538
1330.092	0.001953125	Stimulus/S  6	9	665046
1331.108	0.001953125	Stimulus/S  5	8	665554
1332.124	0.001953125	Stimulus/S  4	7	666062
1333.14	0.001953125	Stimulus/S  6	9	666570
1334.154	0.001953125	Stimulus/S  5	8	667077
1335.17	0.001953125	Stimulus/S  4	7	667585
1336.186	0.001953125	Stimulus/S  5	8	668093
1337.202	0.001953125	Stimulus/S  4	7	668601
1338.218	0.001953125	Stimulus/S  6	9	669109
1339.234	0.001953125	Stimulus/S  4	7	669617
1340.25	0.001953125	Stimulus/S  5	8	670125
1341.264	0.001953125	Stimulus/S  6	9	670632
1342.282	0.0020751953125	Stimulus/S  4	7	671141
1343.296	0.001953125	Stimulus/S  5	8	671648
1344.312	0.001953125	Stimulus/S  6	9	672156
1345.328	0.001953125	Stimulus/S  4	7	672664
1346.328	0.001953125	Stimulus/S  5	8	673164
1347.344	0.001953125	Stimulus/S  6	9	673672
1348.36	0.0020751953125	Stimulus/S  5	8	674180
1349.376	0.0020751953125	Stimulus/S  4	7	674688
1350.39	0.001953125	Stimulus/S  6	9	675195
1351.406	0.001953125	Stimulus/S  4	7	675703
1352.422	0.001953125	Stimulus/S  6	9	676211
1353.454	0.0020751953125	Stimulus/S  5	8	676727
1354.47	0.0020751953125	Stimulus/S  6	9	677235
1355.486	0.0020751953125	Stimulus/S  4	7	677743
1356.518	0.0020751953125	Stimulus/S  7	10	678259
1357.532	0.0020751953125	Stimulus/S  5	8	678766
1358.548	0.0020751953125	Stimulus/S  4	7	679274
1359.564	0.0020751953125	Stimulus/S  5	8	679782
1360.58	0.0020751953125	Stimulus/S  6	9	680290
1361.596	0.0020751953125	Stimulus/S  3	6	680798
1362.61	0.0020751953125	Stimulus/S  2	5	681305
1363.644	0.001953125	Stimulus/S  7	10	681822
1364.674	0.0020751953125	Stimulus/S  1	4	682337
1365.69	0.0020751953125	Stimulus/S  3	6	682845
1366.704	0.0020751953125	Stimulus/S  2	5	683352
1367.72	0.0020751953125	Stimulus/S  1	4	683860
1368.736	0.0020751953125	Stimulus/S  3	6	684368
1369.752	0.0020751953125	Stimulus/S  1	4	684876
1370.768	0.0020751953125	Stimulus/S  2	5	685384
1371.784	0.001953125	Stimulus/S  1	4	685892
1372.8	0.001953125	Stimulus/S  3	6	686400
1373.816	0.001953125	Stimulus/S  2	5	686908
1374.83	0.0020751953125	Stimulus/S  1	4	687415
1375.846	0.0020751953125	Stimulus/S  2	5	687923
1376.862	0.001953125	Stimulus/S  3	6	688431
1377.882	0.0020751953125	Stimulus/S  2	5	688941
1378.894	0.001953125	Stimulus/S  3	6	689447
1379.91	0.001953125	Stimulus/S  1	4	689955
1380.926	0.001953125	Stimulus/S  3	6	690463
1381.94	0.0020751953125	Stimulus/S  1	4	690970
1382.956	0.001953125	Stimulus/S  2	5	691478
1383.972	0.001953125	Stimulus/S  1	4	691986
1384.988	0.001953125	Stimulus/S  3	6	692494
1386.004	0.001953125	Stimulus/S  7	10	693002
1387.02	0.001953125	Stimulus/S  2	5	693510
1388.036	0.001953125	Stimulus/S  3	6	694018
1389.052	0.001953125	Stimulus/S  1	4	694526
1390.066	0.001953125	Stimulus/S  2	5	695033
1391.084	0.0020751953125	Stimulus/S  1	4	695542
1392.104	0.001953125	Stimulus/S  2	5	696052
1393.114	0.001953125	Stimulus/S  3	6	696557
1394.13	0.001953125	Stimulus/S  5	8	697065
1395.13	0.001953125	Stimulus/S  4	7	697565
1396.13	0.001953125	Stimulus/S  6	9	698065
1397.13	0.001953125	Stimulus/S  5	8	698565
1398.146	0.001953125	Stimulus/S  4	7	699073
1399.162	0.001953125	Stimulus/S  6	9	699581
1400.178	0.0020751953125	Stimulus/S  4	7	700089
1401.192	0.001953125	Stimulus/S  6	9	700596
1402.208	0.001953125	Stimulus/S  5	8	701104
1403.224	0.001953125	Stimulus/S  4	7	701612
1404.24	0.001953125	Stimulus/S  5	8	702120
1405.256	0.0020751953125	Stimulus/S  6	9	702628
1406.272	0.0020751953125	Stimulus/S  5	8	703136
1407.288	0.0020751953125	Stimulus/S  6	9	703644
1408.318	0.001953125	Stimulus/S  4	7	704159
1409.334	0.0020751953125	Stimulus/S  6	9	704667
1410.35	0.0020751953125	Stimulus/S  5	8	705175
1411.366	0.0020751953125	Stimulus/S  4	7	705683
1412.382	0.0020751953125	Stimulus/S  6	9	706191
1413.398	0.0020751953125	Stimulus/S  7	10	706699
1414.414	0.0020751953125	Stimulus/S  5	8	707207
1415.444	0.0020751953125	Stimulus/S  4	7	707722
1416.46	0.0020751953125	Stimulus/S  5	8	708230
1417.476	0.0020751953125	Stimulus/S  6	9	708738
1418.492	0.0020751953125	Stimulus/S  4	7	709246
1419.508	0.001953125	Stimulus/S  6	9	709754
1420.524	0.001953125	Stimulus/S  5	8	710262
1421.538	0.0020751953125	Stimulus/S  4	7	710769
1422.554	0.0020751953125	Stimulus/S  6	9	711277
1423.57	0.0020751953125	Stimulus/S  5	8	711785
1424.586	0.001953125	Stimulus/S  4	7	712293
1425.602	0.001953125	Stimulus/S  3	6	712801
1426.632	0.0020751953125	Stimulus/S  2	5	713316
1427.648	0.0020751953125	Stimulus/S  1	4	713824
1428.664	0.0020751953125	Stimulus/S  3	6	714332
1429.684	0.0020751953125	Stimulus/S  2	5	714842
1430.698	0.001953125	Stimulus/S  7	10	715349
1431.71	0.0020751953125	Stimulus/S  1	4	715855
1432.726	0.0020751953125	Stimulus/S  3	6	716363
1433.742	0.0020751953125	Stimulus/S  1	4	716871
1434.758	0.001953125	Stimulus/S  2	5	717379
1435.774	0.001953125	Stimulus/S  3	6	717887
1436.79	0.001953125	Stimulus/S  1	4	718395
1437.806	0.001953125	Stimulus/S  2	5	718903
1438.822	0.001953125	Stimulus/S  1	4	719411
1439.838	0.001953125	Stimulus/S  2	5	719919
1440.854	0.001953125	Stimulus/S  3	6	720427
1441.87	0.001953125	Stimulus/S  2	5	720935
1442.884	0.001953125	Stimulus/S  3	6	721442
1443.904	0.001953125	Stimulus/S  1	4	721952
1444.932	0.001953125	Stimulus/S  2	5	722466
1445.948	0.001953125	Stimulus/S  1	4	722974
1446.964	0.001953125	Stimulus/S  3	6	723482
1447.98	0.0020751953125	Stimulus/S  1	4	723990
1448.994	0.001953125	Stimulus/S  3	6	724497
1450.01	0.001953125	Stimulus/S  2	5	725005
1451.026	0.001953125	Stimulus/S  1	4	725513
1452.042	0.001953125	Stimulus/S  2	5	726021
1453.058	0.0020751953125	Stimulus/S  3	6	726529
1454.074	0.0020751953125	Stimulus/S  1	4	727037
1455.09	0.0020751953125	Stimulus/S  2	5	727545
1456.104	0.001953125	Stimulus/S  3	6	728052
1457.12	0.001953125	Stimulus/S  6	9	728560
1458.136	0.001953125	Stimulus/S  4	7	729068
1459.152	0.0020751953125	Stimulus/S  5	8	729576
1460.168	0.0020751953125	Stimulus/S  6	9	730084
1461.184	0.0020751953125	Stimulus/S  4	7	730592
1462.2	0.0020751953125	Stimulus/S  5	8	731100
1463.216	0.0020751953125	Stimulus/S  4	7	731608
1464.23	0.0020751953125	Stimulus/S  5	8	732115
1465.246	0.0020751953125	Stimulus/S  6	9	732623
1466.262	0.0020751953125	Stimulus/S  5	8	733131
1467.278	0.0020751953125	Stimulus/S  6	9	733639
1468.294	0.0020751953125	Stimulus/S  4	7	734147
1469.31	0.001953125	Stimulus/S  5	8	734655
1470.326	0.001953125	Stimulus/S  6	9	735163
1471.34	0.0020751953125	Stimulus/S  4	7	735670
1472.358	0.001953125	Stimulus/S  7	10	736179
1473.388	0.0020751953125	Stimulus/S  5	8	736694
1474.404	0.001953125	Stimulus/S  6	9	737202
1475.42	0.001953125	Stimulus/S  4	7	737710
1476.436	0.001953125	Stimulus/S  5	8	738218
1477.466	0.0020751953125	Stimulus/S  6	9	738733
1478.484	0.001953125	Stimulus/S  4	7	739242
1479.512	0.0020751953125	Stimulus/S  5	8	739756
1480.53	0.001953125	Stimulus/S  6	9	740265
1481.546	0.001953125	Stimulus/S  4	7	740773
1482.56	0.001953125	Stimulus/S  5	8	741280
1483.576	0.001953125	Stimulus/S  6	9	741788
1484.592	0.001953125	Stimulus/S  7	10	742296
1485.608	0.001953125	Stimulus/S  4	7	742804
1486.624	0.001953125	Stimulus/S  6	9	743312
1487.64	0.001953125	Stimulus/S  4	7	743820
1488.656	0.001953125	Stimulus/S  5	8	744328
1489.67	0.001953125	Stimulus/S  3	6	744835
1490.686	0.001953125	Stimulus/S  1	4	745343
1491.706	0.001953125	Stimulus/S  2	5	745853
1492.718	0.001953125	Stimulus/S  3	6	746359
1493.734	0.001953125	Stimulus/S  1	4	746867
1494.75	0.001953125	Stimulus/S  2	5	747375
1495.766	0.001953125	Stimulus/S  3	6	747883
1496.78	0.001953125	Stimulus/S  2	5	748390
1497.796	0.001953125	Stimulus/S  1	4	748898
1498.812	0.001953125	Stimulus/S  3	6	749406
1499.828	0.001953125	Stimulus/S  1	4	749914
1500.844	0.001953125	Stimulus/S  2	5	750422
1501.86	0.0020751953125	Stimulus/S  3	6	750930
1502.876	0.0020751953125	Stimulus/S  2	5	751438
1503.892	0.0020751953125	Stimulus/S  1	4	751946
1504.906	0.001953125	Stimulus/S  3	6	752453
1505.922	0.001953125	Stimulus/S  1	4	752961
1506.938	0.001953125	Stimulus/S  2	5	753469
1507.954	0.0020751953125	Stimulus/S  1	4	753977
1508.97	0.0020751953125	Stimulus/S  3	6	754485
1509.986	0.0020751953125	Stimulus/S  2	5	754993
1511.002	0.0020751953125	Stimulus/S  3	6	755501
1512.016	0.001953125	Stimulus/S  1	4	756008
1513.032	0.0020751953125	Stimulus/S  2	5	756516
1514.048	0.0020751953125	Stimulus/S  3	6	757024
1515.064	0.0020751953125	Stimulus/S  1	4	757532
1516.08	0.0020751953125	Stimulus/S  2	5	758040
1517.096	0.0020751953125	Stimulus/S  7	10	758548
1518.112	0.001953125	Stimulus/S  3	6	759056
1519.128	0.001953125	Stimulus/S  1	4	759564
1520.142	0.0020751953125	Stimulus/S  2	5	760071
1521.158	0.0020751953125	Stimulus/S  6	9	760579
1522.174	0.0020751953125	Stimulus/S  5	8	761087
1523.206	0.001953125	Stimulus/S  4	7	761603
1524.236	0.0020751953125	Stimulus/S  6	9	762118
1525.252	0.0020751953125	Stimulus/S  5	8	762626
1526.268	0.0020751953125	Stimulus/S  4	7	763134
1527.286	0.001953125	Stimulus/S  5	8	763643
1528.3	0.001953125	Stimulus/S  4	7	764150
1529.316	0.001953125	Stimulus/S  6	9	764658
1530.332	0.001953125	Stimulus/S  4	7	765166
1531.348	0.001953125	Stimulus/S  6	9	765674
1532.362	0.001953125	Stimulus/S  5	8	766181
1533.378	0.001953125	Stimulus/S  4	7	766689
1534.394	0.001953125	Stimulus/S  5	8	767197
1535.426	0.001953125	Stimulus/S  6	9	767713
1536.442	0.001953125	Stimulus/S  4	7	768221
1537.458	0.001953125	Stimulus/S  5	8	768729
1538.472	0.001953125	Stimulus/S  6	9	769236
1539.488	0.001953125	Stimulus/S  5	8	769744
1540.506	0.0020751953125	Stimulus/S  4	7	770253
1541.52	0.001953125	Stimulus/S  6	9	770760
1542.536	0.001953125	Stimulus/S  5	8	771268
1543.552	0.001953125	Stimulus/S  4	7	771776
1544.568	0.001953125	Stimulus/S  6	9	772284
1545.582	0.001953125	Stimulus/S  5	8	772791
1546.598	0.001953125	Stimulus/S  4	7	773299
1547.614	0.001953125	Stimulus/S  6	9	773807
1548.63	0.001953125	Stimulus/S  5	8	774315
1549.646	0.001953125	Stimulus/S  6	9	774823
1550.662	0.001953125	Stimulus/S  4	7	775331
1553.1	0.0020751953125	New Segment/	3	776550
1555.78	0.0	BAD boundary	1	777890
1555.78	0.0	EDGE boundary	2	777890
1555.78	0.001953125	New Segment/	3	777890
1557.18	0.001953125	Stimulus/S  5	8	778590
1558.182	0.001953125	Stimulus/S  6	9	779091
1559.198	0.001953125	Stimulus/S  4	7	779599
1560.212	0.001953125	Stimulus/S  5	8	780106
1561.228	0.001953125	Stimulus/S  6	9	780614
1562.244	0.001953125	Stimulus/S  4	7	781122
1563.26	0.001953125	Stimulus/S  6	9	781630
1564.276	0.001953125	Stimulus/S  5	8	782138
1565.292	0.001953125	Stimulus/S  4	7	782646
1566.308	0.0020751953125	Stimulus/S  6	9	783154
1567.328	0.001953125	Stimulus/S  4	7	783664
1568.338	0.001953125	Stimulus/S  5	8	784169
1569.354	0.001953125	Stimulus/S  4	7	784677
1570.354	0.001953125	Stimulus/S  5	8	785177
1571.354	0.001953125	Stimulus/S  6	9	785677
1572.354	0.001953125	Stimulus/S  4	7	786177
1573.354	0.001953125	Stimulus/S  5	8	786677
1574.356	0.0020751953125	Stimulus/S  6	9	787178
1575.356	0.0020751953125	Stimulus/S  4	7	787678
1576.356	0.0020751953125	Stimulus/S  6	9	788178
1577.356	0.0020751953125	Stimulus/S  5	8	788678
1578.356	0.0020751953125	Stimulus/S  4	7	789178
1579.356	0.0020751953125	Stimulus/S  5	8	789678
1580.356	0.0020751953125	Stimulus/S  6	9	790178
1581.356	0.0020751953125	Stimulus/S  5	8	790678
1582.356	0.0020751953125	Stimulus/S  6	9	791178
1583.372	0.0020751953125	Stimulus/S  4	7	791686
1584.388	0.0020751953125	Stimulus/S  7	10	792194
1585.404	0.001953125	Stimulus/S  6	9	792702
1586.418	0.0020751953125	Stimulus/S  5	8	793209
1587.434	0.0020751953125	Stimulus/S  4	7	793717
1588.45	0.0020751953125	Stimulus/S  2	5	794225
1589.466	0.0020751953125	Stimulus/S  1	4	794733
1590.482	0.001953125	Stimulus/S  3	6	795241
1591.498	0.001953125	Stimulus/S  2	5	795749
1592.514	0.001953125	Stimulus/S  1	4	796257
1593.53	0.001953125	Stimulus/S  3	6	796765
1594.544	0.0020751953125	Stimulus/S  1	4	797272
1595.56	0.001953125	Stimulus/S  2	5	797780
1596.576	0.001953125	Stimulus/S  3	6	798288
1597.592	0.001953125	Stimulus/S  2	5	798796
1598.608	0.001953125	Stimulus/S  1	4	799304
1599.624	0.001953125	Stimulus/S  3	6	799812
1600.64	0.001953125	Stimulus/S  1	4	800320
1601.654	0.001953125	Stimulus/S  3	6	800827
1602.686	0.001953125	Stimulus/S  2	5	801343
1603.702	0.001953125	Stimulus/S  1	4	801851
1604.718	0.001953125	Stimulus/S  2	5	802359
1605.734	0.001953125	Stimulus/S  7	10	802867
1606.748	0.001953125	Stimulus/S  3	6	803374
1607.764	0.001953125	Stimulus/S  1	4	803882
1608.796	0.001953125	Stimulus/S  3	6	804398
1609.812	0.001953125	Stimulus/S  2	5	804906
1610.828	0.001953125	Stimulus/S  3	6	805414
1611.844	0.001953125	Stimulus/S  2	5	805922
1612.86	0.0020751953125	Stimulus/S  1	4	806430
1613.874	0.001953125	Stimulus/S  2	5	806937
1614.89	0.001953125	Stimulus/S  1	4	807445
1615.908	0.0020751953125	Stimulus/S  3	6	807954
1616.922	0.001953125	Stimulus/S  1	4	808461
1617.938	0.001953125	Stimulus/S  3	6	808969
1618.954	0.0020751953125	Stimulus/S  2	5	809477
1619.97	0.0020751953125	Stimulus/S  4	7	809985
1620.984	0.001953125	Stimulus/S  5	8	810492
1622.016	0.001953125	Stimulus/S  6	9	811008
1623.048	0.0020751953125	Stimulus/S  4	7	811524
1624.064	0.0020751953125	Stimulus/S  5	8	812032
1625.08	0.0020751953125	Stimulus/S  6	9	812540
1626.094	0.001953125	Stimulus/S  4	7	813047
1627.11	0.0020751953125	Stimulus/S  5	8	813555
1628.13	0.001953125	Stimulus/S  6	9	814065
1629.142	0.0020751953125	Stimulus/S  4	7	814571
1630.158	0.0020751953125	Stimulus/S  6	9	815079
1631.174	0.0020751953125	Stimulus/S  5	8	815587
1632.19	0.0020751953125	Stimulus/S  6	9	816095
1633.204	0.0020751953125	Stimulus/S  5	8	816602
1634.22	0.0020751953125	Stimulus/S  4	7	817110
1635.236	0.0020751953125	Stimulus/S  6	9	817618
1636.252	0.0020751953125	Stimulus/S  5	8	818126
1637.268	0.0020751953125	Stimulus/S  4	7	818634
1638.284	0.001953125	Stimulus/S  5	8	819142
1639.3	0.001953125	Stimulus/S  6	9	819650
1640.316	0.001953125	Stimulus/S  4	7	820158
1641.33	0.0020751953125	Stimulus/S  6	9	820665
1642.346	0.0020751953125	Stimulus/S  5	8	821173
1643.362	0.001953125	Stimulus/S  4	7	821681
1644.392	0.0020751953125	Stimulus/S  5	8	822196
1645.424	0.0020751953125	Stimulus/S  4	7	822712
1646.44	0.0020751953125	Stimulus/S  6	9	823220
1647.456	0.001953125	Stimulus/S  5	8	823728
1648.472	0.001953125	Stimulus/S  6	9	824236
1649.486	0.0020751953125	Stimulus/S  4	7	824743
1650.504	0.001953125	Stimulus/S  2	5	825252
1651.52	0.001953125	Stimulus/S  3	6	825760
1652.536	0.001953125	Stimulus/S  7	10	826268
1653.55	0.001953125	Stimulus/S  1	4	826775
1654.566	0.001953125	Stimulus/S  2	5	827283
1655.582	0.001953125	Stimulus/S  3	6	827791
1656.598	0.001953125	Stimulus/S  1	4	828299
1657.614	0.001953125	Stimulus/S  3	6	828807
1658.63	0.001953125	Stimulus/S  1	4	829315
1659.646	0.001953125	Stimulus/S  2	5	829823
1660.66	0.001953125	Stimulus/S  1	4	830330
1661.676	0.001953125	Stimulus/S  2	5	830838
1662.692	0.001953125	Stimulus/S  3	6	831346
1663.71	0.0020751953125	Stimulus/S  7	10	831855
1664.724	0.001953125	Stimulus/S  2	5	832362
1665.74	0.001953125	Stimulus/S  1	4	832870
1666.756	0.0020751953125	Stimulus/S  3	6	833378
1667.772	0.0020751953125	Stimulus/S  1	4	833886
1668.786	0.001953125	Stimulus/S  3	6	834393
1669.802	0.001953125	Stimulus/S  2	5	834901
1670.818	0.001953125	Stimulus/S  3	6	835409
1671.834	0.0020751953125	Stimulus/S  2	5	835917
1672.85	0.0020751953125	Stimulus/S  1	4	836425
1673.866	0.0020751953125	Stimulus/S  7	10	836933
1674.882	0.0020751953125	Stimulus/S  3	6	837441
1675.896	0.001953125	Stimulus/S  2	5	837948
1676.912	0.001953125	Stimulus/S  1	4	838456
1677.93	0.001953125	Stimulus/S  3	6	838965
1678.944	0.0020751953125	Stimulus/S  1	4	839472
1679.96	0.0020751953125	Stimulus/S  2	5	839980
1680.976	0.0020751953125	Stimulus/S  7	10	840488
1681.992	0.0020751953125	Stimulus/S  1	4	840996
1683.006	0.0020751953125	Stimulus/S  3	6	841503
1684.022	0.0020751953125	Stimulus/S  2	5	842011
1685.038	0.0020751953125	Stimulus/S  4	7	842519
1686.054	0.0020751953125	Stimulus/S  6	9	843027
1687.07	0.0020751953125	Stimulus/S  5	8	843535
1688.086	0.001953125	Stimulus/S  4	7	844043
1689.102	0.001953125	Stimulus/S  6	9	844551
1690.118	0.001953125	Stimulus/S  7	10	845059
1691.132	0.0020751953125	Stimulus/S  5	8	845566
1692.148	0.0020751953125	Stimulus/S  4	7	846074
1693.164	0.0020751953125	Stimulus/S  5	8	846582
1694.18	0.001953125	Stimulus/S  6	9	847090
1695.196	0.001953125	Stimulus/S  4	7	847598
1696.228	0.001953125	Stimulus/S  6	9	848114
1697.242	0.0020751953125	Stimulus/S  5	8	848621
1698.258	0.001953125	Stimulus/S  6	9	849129
1699.29	0.001953125	Stimulus/S  5	8	849645
1700.322	0.001953125	Stimulus/S  4	7	850161
1701.338	0.001953125	Stimulus/S  5	8	850669
1702.352	0.001953125	Stimulus/S  6	9	851176
1703.368	0.001953125	Stimulus/S  4	7	851684
1704.384	0.001953125	Stimulus/S  5	8	852192
1705.4	0.001953125	Stimulus/S  6	9	852700
1706.416	0.001953125	Stimulus/S  4	7	853208
1707.432	0.001953125	Stimulus/S  6	9	853716
1708.448	0.001953125	Stimulus/S  4	7	854224
1709.462	0.001953125	Stimulus/S  5	8	854731
1710.478	0.001953125	Stimulus/S  6	9	855239
1711.494	0.001953125	Stimulus/S  5	8	855747
1712.512	0.0020751953125	Stimulus/S  4	7	856256
1713.526	0.001953125	Stimulus/S  6	9	856763
1714.542	0.001953125	Stimulus/S  5	8	857271
1715.558	0.0020751953125	Stimulus/S  4	7	857779
1716.558	0.0020751953125	Stimulus/S  1	4	858279
1717.558	0.0020751953125	Stimulus/S  2	5	858779
1718.558	0.0020751953125	Stimulus/S  3	6	859279
1719.558	0.0020751953125	Stimulus/S  1	4	859779
1720.558	0.0020751953125	Stimulus/S  2	5	860279
1721.558	0.0020751953125	Stimulus/S  3	6	860779
1722.558	0.0020751953125	Stimulus/S  2	5	861279
1723.558	0.0020751953125	Stimulus/S  1	4	861779
1724.56	0.001953125	Stimulus/S  7	10	862280
1725.558	0.0020751953125	Stimulus/S  3	6	862779
1726.558	0.0020751953125	Stimulus/S  1	4	863279
1727.558	0.0020751953125	Stimulus/S  3	6	863779
1728.558	0.0020751953125	Stimulus/S  2	5	864279
1729.558	0.0020751953125	Stimulus/S  3	6	864779
1730.56	0.001953125	Stimulus/S  2	5	865280
1731.558	0.0020751953125	Stimulus/S  1	4	865779
1732.56	0.001953125	Stimulus/S  7	10	866280
1733.574	0.0020751953125	Stimulus/S  2	5	866787
1734.59	0.0020751953125	Stimulus/S  1	4	867295
1735.606	0.0020751953125	Stimulus/S  3	6	867803
1736.622	0.0020751953125	Stimulus/S  2	5	868311
1737.638	0.0020751953125	Stimulus/S  1	4	868819
1738.654	0.001953125	Stimulus/S  3	6	869327
1739.67	0.001953125	Stimulus/S  1	4	869835
1740.684	0.0020751953125	Stimulus/S  2	5	870342
1741.7	0.0020751953125	Stimulus/S  3	6	870850
1742.716	0.0020751953125	Stimulus/S  1	4	871358
1743.732	0.001953125	Stimulus/S  2	5	871866
1744.748	0.001953125	Stimulus/S  3	6	872374
1745.764	0.001953125	Stimulus/S  1	4	872882
1746.78	0.001953125	Stimulus/S  2	5	873390
1747.794	0.0020751953125	Stimulus/S  3	6	873897
1748.81	0.001953125	Stimulus/S  5	8	874405
1749.826	0.001953125	Stimulus/S  4	7	874913
1750.842	0.001953125	Stimulus/S  6	9	875421
1751.858	0.001953125	Stimulus/S  5	8	875929
1752.874	0.001953125	Stimulus/S  4	7	876437
1753.904	0.001953125	Stimulus/S  6	9	876952
1754.938	0.001953125	Stimulus/S  7	10	877469
1755.952	0.001953125	Stimulus/S  5	8	877976
1756.968	0.001953125	Stimulus/S  6	9	878484
1757.984	0.001953125	Stimulus/S  4	7	878992
1759.0	0.001953125	Stimulus/S  5	8	879500
1760.016	0.001953125	Stimulus/S  6	9	880008
1761.03	0.001953125	Stimulus/S  4	7	880515
1762.048	0.0020751953125	Stimulus/S  7	10	881024
1763.062	0.001953125	Stimulus/S  6	9	881531
1764.078	0.001953125	Stimulus/S  5	8	882039
1765.094	0.001953125	Stimulus/S  4	7	882547
1766.124	0.001953125	Stimulus/S  5	8	883062
1767.14	0.001953125	Stimulus/S  6	9	883570
1768.156	0.001953125	Stimulus/S  4	7	884078
1769.172	0.001953125	Stimulus/S  6	9	884586
1770.204	0.0020751953125	Stimulus/S  4	7	885102
1771.22	0.0020751953125	Stimulus/S  5	8	885610
1772.236	0.0020751953125	Stimulus/S  4	7	886118
1773.25	0.001953125	Stimulus/S  5	8	886625
1774.266	0.001953125	Stimulus/S  6	9	887133
1775.282	0.0020751953125	Stimulus/S  5	8	887641
1776.3	0.001953125	Stimulus/S  7	10	888150
1777.314	0.0020751953125	Stimulus/S  6	9	888657
1778.332	0.001953125	Stimulus/S  4	7	889166
1779.346	0.0020751953125	Stimulus/S  5	8	889673
1780.36	0.0020751953125	Stimulus/S  6	9	890180
1781.362	0.001953125	Stimulus/S  4	7	890681
1782.376	0.0020751953125	Stimulus/S  3	6	891188
1783.392	0.0020751953125	Stimulus/S  2	5	891696
1784.408	0.0020751953125	Stimulus/S  1	4	892204
1785.424	0.0020751953125	Stimulus/S  3	6	892712
1786.44	0.0020751953125	Stimulus/S  2	5	893220
1787.456	0.001953125	Stimulus/S  1	4	893728
1788.472	0.001953125	Stimulus/S  2	5	894236
1789.486	0.0020751953125	Stimulus/S  1	4	894743
1790.502	0.0020751953125	Stimulus/S  3	6	895251
1791.52	0.001953125	Stimulus/S  7	10	895760
1792.534	0.001953125	Stimulus/S  2	5	896267
1793.55	0.001953125	Stimulus/S  1	4	896775
1794.566	0.001953125	Stimulus/S  3	6	897283
1795.582	0.001953125	Stimulus/S  1	4	897791
1796.596	0.0020751953125	Stimulus/S  3	6	898298
1797.612	0.001953125	Stimulus/S  2	5	898806
1798.628	0.001953125	Stimulus/S  3	6	899314
1799.644	0.001953125	Stimulus/S  2	5	899822
1800.66	0.001953125	Stimulus/S  1	4	900330
1801.676	0.001953125	Stimulus/S  2	5	900838
1802.692	0.001953125	Stimulus/S  3	6	901346
1803.708	0.001953125	Stimulus/S  1	4	901854
1804.722	0.001953125	Stimulus/S  2	5	902361
1805.738	0.001953125	Stimulus/S  1	4	902869
1806.754	0.001953125	Stimulus/S  3	6	903377
1807.772	0.0020751953125	Stimulus/S  7	10	903886
1808.786	0.001953125	Stimulus/S  2	5	904393
1809.802	0.001953125	Stimulus/S  3	6	904901
1810.818	0.001953125	Stimulus/S  1	4	905409
1811.832	0.001953125	Stimulus/S  2	5	905916
1812.848	0.001953125	Stimulus/S  1	4	906424
1813.866	0.0020751953125	Stimulus/S  7	10	906933
1814.88	0.001953125	Stimulus/S  3	6	907440
1815.896	0.001953125	Stimulus/S  5	8	907948
1816.914	0.0020751953125	Stimulus/S  4	7	908457
1817.928	0.0020751953125	Stimulus/S  6	9	908964
1818.942	0.001953125	Stimulus/S  5	8	909471
1819.958	0.001953125	Stimulus/S  4	7	909979
1820.974	0.001953125	Stimulus/S  6	9	910487
1821.99	0.001953125	Stimulus/S  5	8	910995
1823.006	0.0020751953125	Stimulus/S  6	9	911503
1824.022	0.0020751953125	Stimulus/S  7	10	912011
1825.038	0.0020751953125	Stimulus/S  4	7	912519
1826.054	0.0020751953125	Stimulus/S  5	8	913027
1827.084	0.0020751953125	Stimulus/S  6	9	913542
1828.1	0.0020751953125	Stimulus/S  4	7	914050
1829.116	0.0020751953125	Stimulus/S  5	8	914558
1830.132	0.0020751953125	Stimulus/S  4	7	915066
1831.162	0.001953125	Stimulus/S  6	9	915581
1832.194	0.0020751953125	Stimulus/S  4	7	916097
1833.21	0.0020751953125	Stimulus/S  5	8	916605
1834.226	0.0020751953125	Stimulus/S  6	9	917113
1835.258	0.001953125	Stimulus/S  4	7	917629
1836.272	0.0020751953125	Stimulus/S  5	8	918136
1837.288	0.0020751953125	Stimulus/S  6	9	918644
1838.304	0.0020751953125	Stimulus/S  5	8	919152
1839.32	0.0020751953125	Stimulus/S  6	9	919660
1840.336	0.001953125	Stimulus/S  4	7	920168
1841.352	0.001953125	Stimulus/S  5	8	920676
1842.368	0.001953125	Stimulus/S  4	7	921184
1843.384	0.001953125	Stimulus/S  6	9	921692
1844.398	0.0020751953125	Stimulus/S  4	7	922199
1845.414	0.0020751953125	Stimulus/S  5	8	922707
1846.43	0.001953125	Stimulus/S  6	9	923215
1847.448	0.001953125	Stimulus/S  7	10	923724
1848.462	0.001953125	Stimulus/S  2	5	924231
1849.478	0.001953125	Stimulus/S  1	4	924739
1850.494	0.001953125	Stimulus/S  3	6	925247
1851.512	0.0020751953125	Stimulus/S  2	5	925756
1852.524	0.001953125	Stimulus/S  1	4	926262
1853.54	0.001953125	Stimulus/S  3	6	926770
1854.556	0.001953125	Stimulus/S  2	5	927278
1855.572	0.001953125	Stimulus/S  1	4	927786
1856.588	0.001953125	Stimulus/S  3	6	928294
1857.604	0.001953125	Stimulus/S  1	4	928802
1858.618	0.001953125	Stimulus/S  2	5	929309
1859.634	0.001953125	Stimulus/S  3	6	929817
1860.65	0.001953125	Stimulus/S  1	4	930325
1861.666	0.001953125	Stimulus/S  2	5	930833
1862.682	0.001953125	Stimulus/S  3	6	931341
1863.698	0.001953125	Stimulus/S  2	5	931849
1864.714	0.001953125	Stimulus/S  1	4	932357
1865.73	0.0020751953125	Stimulus/S  3	6	932865
1866.744	0.001953125	Stimulus/S  1	4	933372
1867.76	0.001953125	Stimulus/S  2	5	933880
1868.76	0.001953125	Stimulus/S  3	6	934380
1869.76	0.001953125	Stimulus/S  1	4	934880
1870.76	0.001953125	Stimulus/S  2	5	935380
1871.76	0.001953125	Stimulus/S  3	6	935880
1872.762	0.0020751953125	Stimulus/S  2	5	936381
1873.762	0.0020751953125	Stimulus/S  7	10	936881
1874.762	0.0020751953125	Stimulus/S  1	4	937381
1875.762	0.0020751953125	Stimulus/S  3	6	937881
1876.762	0.0020751953125	Stimulus/S  2	5	938381
1877.762	0.0020751953125	Stimulus/S  3	6	938881
1878.762	0.0020751953125	Stimulus/S  1	4	939381
1879.778	0.0020751953125	Stimulus/S  4	7	939889
1880.794	0.0020751953125	Stimulus/S  6	9	940397
1881.808	0.0020751953125	Stimulus/S  5	8	940904
1882.824	0.0020751953125	Stimulus/S  4	7	941412
1883.84	0.0020751953125	Stimulus/S  6	9	941920
1884.856	0.0020751953125	Stimulus/S  5	8	942428
1885.872	0.0020751953125	Stimulus/S  4	7	942936
1886.888	0.0020751953125	Stimulus/S  6	9	943444
1887.904	0.001953125	Stimulus/S  5	8	943952
1888.92	0.001953125	Stimulus/S  7	10	944460
1889.936	0.001953125	Stimulus/S  4	7	944968
1890.95	0.0020751953125	Stimulus/S  5	8	945475
1891.966	0.0020751953125	Stimulus/S  6	9	945983
1892.982	0.001953125	Stimulus/S  5	8	946491
1893.998	0.001953125	Stimulus/S  6	9	946999
1895.014	0.001953125	Stimulus/S  4	7	947507
1896.03	0.001953125	Stimulus/S  6	9	948015
1897.044	0.0020751953125	Stimulus/S  5	8	948522
1898.06	0.001953125	Stimulus/S  4	7	949030
1899.076	0.001953125	Stimulus/S  6	9	949538
1900.092	0.001953125	Stimulus/S  5	8	950046
1901.124	0.001953125	Stimulus/S  7	10	950562
1902.154	0.001953125	Stimulus/S  4	7	951077
1903.17	0.001953125	Stimulus/S  5	8	951585
1904.186	0.001953125	Stimulus/S  6	9	952093
1905.202	0.001953125	Stimulus/S  4	7	952601
1906.218	0.001953125	Stimulus/S  5	8	953109
1907.234	0.001953125	Stimulus/S  6	9	953617
1908.25	0.001953125	Stimulus/S  4	7	954125
1909.264	0.001953125	Stimulus/S  6	9	954632
1910.28	0.001953125	Stimulus/S  5	8	955140
1911.296	0.001953125	Stimulus/S  4	7	955648
1912.316	0.001953125	Stimulus/S  2	5	956158
1913.328	0.001953125	Stimulus/S  1	4	956664
1914.344	0.001953125	Stimulus/S  3	6	957172
1915.36	0.0020751953125	Stimulus/S  2	5	957680
1916.374	0.001953125	Stimulus/S  1	4	958187
1917.39	0.001953125	Stimulus/S  3	6	958695
1918.408	0.0020751953125	Stimulus/S  7	10	959204
1919.422	0.001953125	Stimulus/S  1	4	959711
1920.438	0.001953125	Stimulus/S  2	5	960219
1921.454	0.0020751953125	Stimulus/S  3	6	960727
1922.47	0.0020751953125	Stimulus/S  2	5	961235
1923.486	0.0020751953125	Stimulus/S  1	4	961743
1924.5	0.001953125	Stimulus/S  3	6	962250
1925.516	0.001953125	Stimulus/S  2	5	962758
1926.534	0.001953125	Stimulus/S  3	6	963267
1927.548	0.0020751953125	Stimulus/S  1	4	963774
1928.564	0.0020751953125	Stimulus/S  2	5	964282
1929.58	0.0020751953125	Stimulus/S  1	4	964790
1930.596	0.0020751953125	Stimulus/S  3	6	965298
1931.612	0.001953125	Stimulus/S  1	4	965806
1932.626	0.0020751953125	Stimulus/S  2	5	966313
1933.644	0.001953125	Stimulus/S  7	10	966822
1934.658	0.0020751953125	Stimulus/S  3	6	967329
1935.674	0.0020751953125	Stimulus/S  2	5	967837
1936.69	0.0020751953125	Stimulus/S  3	6	968345
1937.706	0.001953125	Stimulus/S  1	4	968853
1938.72	0.0020751953125	Stimulus/S  3	6	969360
1939.736	0.0020751953125	Stimulus/S  1	4	969868
1940.752	0.0020751953125	Stimulus/S  2	5	970376
1941.768	0.0020751953125	Stimulus/S  3	6	970884
1942.784	0.001953125	Stimulus/S  2	5	971392
1943.8	0.001953125	Stimulus/S  1	4	971900
1944.816	0.001953125	Stimulus/S  6	9	972408
1945.832	0.001953125	Stimulus/S  5	8	972916
1946.846	0.0020751953125	Stimulus/S  4	7	973423
1947.862	0.001953125	Stimulus/S  6	9	973931
1948.878	0.001953125	Stimulus/S  5	8	974439
1949.894	0.001953125	Stimulus/S  4	7	974947
1950.91	0.001953125	Stimulus/S  5	8	975455
1951.926	0.001953125	Stimulus/S  6	9	975963
1952.942	0.001953125	Stimulus/S  4	7	976471
1953.958	0.001953125	Stimulus/S  5	8	976979
1954.972	0.001953125	Stimulus/S  6	9	977486
1955.988	0.001953125	Stimulus/S  4	7	977994
1957.004	0.001953125	Stimulus/S  6	9	978502
1958.02	0.001953125	Stimulus/S  5	8	979010
1959.036	0.001953125	Stimulus/S  4	7	979518
1960.052	0.001953125	Stimulus/S  6	9	980026
1961.068	0.001953125	Stimulus/S  5	8	980534
1962.082	0.001953125	Stimulus/S  4	7	981041
1963.098	0.001953125	Stimulus/S  5	8	981549
1964.118	0.001953125	Stimulus/S  6	9	982059
1965.13	0.001953125	Stimulus/S  4	7	982565
1966.146	0.001953125	Stimulus/S  6	9	983073
1967.162	0.001953125	Stimulus/S  4	7	983581
1968.178	0.0020751953125	Stimulus/S  5	8	984089
1969.194	0.0020751953125	Stimulus/S  4	7	984597
1970.208	0.001953125	Stimulus/S  5	8	985104
1971.224	0.001953125	Stimulus/S  6	9	985612
1972.24	0.001953125	Stimulus/S  5	8	986120
1973.256	0.0020751953125	Stimulus/S  4	7	986628
1974.272	0.0020751953125	Stimulus/S  6	9	987136
1975.288	0.0020751953125	Stimulus/S  2	5	987644
1976.304	0.0020751953125	Stimulus/S  3	6	988152
1977.318	0.001953125	Stimulus/S  1	4	988659
1978.338	0.001953125	Stimulus/S  2	5	989169
1979.35	0.0020751953125	Stimulus/S  3	6	989675
1980.382	0.0020751953125	Stimulus/S  1	4	990191
1981.412	0.001953125	Stimulus/S  2	5	990706
1982.444	0.0020751953125	Stimulus/S  3	6	991222
1983.46	0.0020751953125	Stimulus/S  1	4	991730
1984.476	0.0020751953125	Stimulus/S  2	5	992238
1985.492	0.0020751953125	Stimulus/S  3	6	992746
1986.508	0.001953125	Stimulus/S  1	4	993254
1987.522	0.0020751953125	Stimulus/S  3	6	993761
1988.538	0.0020751953125	Stimulus/S  1	4	994269
1989.554	0.0020751953125	Stimulus/S  2	5	994777
1990.57	0.0020751953125	Stimulus/S  1	4	995285
1991.586	0.001953125	Stimulus/S  2	5	995793
1992.602	0.001953125	Stimulus/S  3	6	996301
1993.618	0.001953125	Stimulus/S  1	4	996809
1994.634	0.001953125	Stimulus/S  2	5	997317
1995.648	0.0020751953125	Stimulus/S  3	6	997824
1996.664	0.0020751953125	Stimulus/S  1	4	998332
1997.68	0.001953125	Stimulus/S  2	5	998840
1998.696	0.001953125	Stimulus/S  3	6	999348
1999.716	0.0020751953125	Stimulus/S  2	5	999858
2000.728	0.001953125	Stimulus/S  1	4	1000364
2001.744	0.001953125	Stimulus/S  3	6	1000872
2002.758	0.001953125	Stimulus/S  2	5	1001379
2003.774	0.001953125	Stimulus/S  1	4	1001887
2004.792	0.001953125	Stimulus/S  7	10	1002396
2005.806	0.001953125	Stimulus/S  3	6	1002903
2006.822	0.001953125	Stimulus/S  4	7	1003411
2007.838	0.001953125	Stimulus/S  6	9	1003919
2008.854	0.001953125	Stimulus/S  5	8	1004427
2009.87	0.001953125	Stimulus/S  4	7	1004935
2010.884	0.001953125	Stimulus/S  6	9	1005442
2011.9	0.001953125	Stimulus/S  5	8	1005950
2012.918	0.0020751953125	Stimulus/S  4	7	1006459
2013.948	0.001953125	Stimulus/S  5	8	1006974
2014.964	0.001953125	Stimulus/S  7	10	1007482
2015.98	0.0020751953125	Stimulus/S  6	9	1007990
2016.994	0.001953125	Stimulus/S  5	8	1008497
2018.01	0.001953125	Stimulus/S  6	9	1009005
2019.026	0.001953125	Stimulus/S  4	7	1009513
2020.042	0.001953125	Stimulus/S  5	8	1010021
2021.058	0.0020751953125	Stimulus/S  4	7	1010529
2022.074	0.0020751953125	Stimulus/S  6	9	1011037
2023.09	0.0020751953125	Stimulus/S  4	7	1011545
2024.104	0.001953125	Stimulus/S  5	8	1012052
2025.12	0.001953125	Stimulus/S  6	9	1012560
2026.136	0.001953125	Stimulus/S  5	8	1013068
2027.152	0.0020751953125	Stimulus/S  6	9	1013576
2028.168	0.0020751953125	Stimulus/S  4	7	1014084
2029.184	0.0020751953125	Stimulus/S  5	8	1014592
2030.2	0.0020751953125	Stimulus/S  4	7	1015100
2031.214	0.001953125	Stimulus/S  6	9	1015607
2032.23	0.0020751953125	Stimulus/S  5	8	1016115
2033.246	0.0020751953125	Stimulus/S  6	9	1016623
2034.262	0.0020751953125	Stimulus/S  4	7	1017131
2035.278	0.0020751953125	Stimulus/S  6	9	1017639
2036.294	0.0020751953125	Stimulus/S  4	7	1018147
2037.31	0.001953125	Stimulus/S  5	8	1018655
2038.326	0.001953125	Stimulus/S  3	6	1019163
2039.34	0.0020751953125	Stimulus/S  1	4	1019670
2040.356	0.0020751953125	Stimulus/S  2	5	1020178
2041.372	0.0020751953125	Stimulus/S  3	6	1020686
2042.388	0.0020751953125	Stimulus/S  1	4	1021194
2043.404	0.001953125	Stimulus/S  2	5	1021702
2044.42	0.001953125	Stimulus/S  1	4	1022210
2045.436	0.001953125	Stimulus/S  3	6	1022718
2046.452	0.001953125	Stimulus/S  2	5	1023226
2047.466	0.0020751953125	Stimulus/S  1	4	1023733
2048.482	0.001953125	Stimulus/S  3	6	1024241
2049.498	0.001953125	Stimulus/S  2	5	1024749
2050.518	0.001953125	Stimulus/S  1	4	1025259
2051.53	0.001953125	Stimulus/S  2	5	1025765
2052.546	0.002197265625	Stimulus/S  3	6	1026273
2053.562	0.001953125	Stimulus/S  1	4	1026781
2054.576	0.001953125	Stimulus/S  3	6	1027288
2055.608	0.002197265625	Stimulus/S  2	5	1027804
2056.624	0.001953125	Stimulus/S  3	6	1028312
2057.64	0.002197265625	Stimulus/S  2	5	1028820
2058.656	0.001953125	Stimulus/S  1	4	1029328
2059.686	0.001953125	Stimulus/S  2	5	1029843
2060.718	0.001953125	Stimulus/S  1	4	1030359
2061.738	0.001953125	Stimulus/S  3	6	1030869
2062.75	0.001953125	Stimulus/S  1	4	1031375
2063.766	0.001953125	Stimulus/S  2	5	1031883
2064.78	0.001953125	Stimulus/S  3	6	1032390
2065.796	0.002197265625	Stimulus/S  1	4	1032898
2066.812	0.001953125	Stimulus/S  3	6	1033406
2067.828	0.002197265625	Stimulus/S  2	5	1033914
